update_id,train_id,current_station_id,actual_arrival_time,actual_departure_time,delay_minutes,track_status,weather_impact
UPD0001,TRN0001,STN032,2025-09-01 00:07:00,2025-09-01 00:19:00,12,free,clear
UPD0002,TRN0002,STN118,2025-09-01 00:11:00,2025-09-01 00:24:00,23,occupied,rain
UPD0003,TRN0003,STN099,2025-09-01 00:15:00,2025-09-01 00:25:00,10,free,fog
UPD0004,TRN0004,STN067,2025-09-01 00:18:00,2025-09-01 00:32:00,28,free,clear
UPD0005,TRN0005,STN081,2025-09-01 00:21:00,2025-09-01 00:33:00,12,under_maintenance,rain
UPD0006,TRN0006,STN101,2025-09-01 00:24:00,2025-09-01 00:35:00,9,free,clear
UPD0007,TRN0007,STN024,2025-09-01 00:27:00,2025-09-01 00:39:00,15,occupied,clear
UPD0008,TRN0008,STN118,2025-09-01 00:30:00,2025-09-01 00:44:00,26,free,rain
UPD0009,TRN0009,STN033,2025-09-01 00:33:00,2025-09-01 00:40:00,7,free,clear
UPD0010,TRN0010,STN012,2025-09-01 00:36:00,2025-09-01 00:52:00,31,free,fog
UPD0011,TRN0011,STN006,2025-09-01 00:39:00,2025-09-01 00:49:00,8,occupied,clear
UPD0012,TRN0012,STN062,2025-09-01 00:42:00,2025-09-01 00:58:00,29,free,clear
UPD0013,TRN0013,STN096,2025-09-01 00:45:00,2025-09-01 00:59:00,22,free,storm
UPD0014,TRN0014,STN118,2025-09-01 00:48:00,2025-09-01 00:57:00,5,free,clear
UPD0015,TRN0015,STN034,2025-09-01 00:51:00,2025-09-01 01:04:00,19,occupied,rain
UPD0016,TRN0016,STN118,2025-09-01 00:54:00,2025-09-01 01:07:00,18,free,clear
UPD0017,TRN0017,STN003,2025-09-01 00:57:00,2025-09-01 01:13:00,27,free,clear
UPD0018,TRN0018,STN073,2025-09-01 01:00:00,2025-09-01 01:12:00,16,occupied,fog
UPD0019,TRN0019,STN098,2025-09-01 01:03:00,2025-09-01 01:17:00,21,free,rain
UPD0020,TRN0020,STN094,2025-09-01 01:06:00,2025-09-01 01:22:00,28,under_maintenance,clear
UPD0021,TRN0021,STN118,2025-09-01 01:09:00,2025-09-01 01:18:00,6,free,clear
UPD0022,TRN0022,STN098,2025-09-01 01:12:00,2025-09-01 01:26:00,20,free,rain
UPD0023,TRN0023,STN028,2025-09-01 01:15:00,2025-09-01 01:28:00,19,occupied,clear
UPD0024,TRN0024,STN085,2025-09-01 01:18:00,2025-09-01 01:28:00,7,free,clear
UPD0025,TRN0025,STN068,2025-09-01 01:21:00,2025-09-01 01:34:00,18,free,fog
UPD0026,TRN0026,STN014,2025-09-01 01:24:00,2025-09-01 01:36:00,14,occupied,clear
UPD0027,TRN0027,STN033,2025-09-01 01:27:00,2025-09-01 01:42:00,23,occupied,rain
UPD0028,TRN0028,STN073,2025-09-01 01:30:00,2025-09-01 01:40:00,8,free,clear
UPD0029,TRN0029,STN012,2025-09-01 01:33:00,2025-09-01 01:47:00,21,free,clear
UPD0030,TRN0030,STN011,2025-09-01 01:36:00,2025-09-01 01:51:00,17,free,clear
UPD0031,TRN0031,STN118,2025-09-01 01:39:00,2025-09-01 01:53:00,22,occupied,clear
UPD0032,TRN0032,STN035,2025-09-01 01:42:00,2025-09-01 01:57:00,23,free,rain
UPD0033,TRN0033,STN119,2025-09-01 01:45:00,2025-09-01 01:55:00,9,free,clear
UPD0034,TRN0034,STN039,2025-09-01 01:48:00,2025-09-01 02:02:00,20,free,clear
UPD0035,TRN0035,STN050,2025-09-01 01:51:00,2025-09-01 02:05:00,19,occupied,clear
UPD0036,TRN0036,STN013,2025-09-01 01:54:00,2025-09-01 02:06:00,12,free,clear
UPD0037,TRN0037,STN051,2025-09-01 01:57:00,2025-09-01 02:13:00,24,free,rain
UPD0038,TRN0038,STN030,2025-09-01 02:00:00,2025-09-01 02:16:00,26,occupied,clear
UPD0039,TRN0039,STN099,2025-09-01 02:03:00,2025-09-01 02:15:00,11,free,clear
UPD0040,TRN0040,STN049,2025-09-01 02:06:00,2025-09-01 02:21:00,23,free,storm
UPD0041,TRN0041,STN001,2025-09-01 02:09:00,2025-09-01 02:20:00,9,free,clear
UPD0042,TRN0042,STN024,2025-09-01 02:12:00,2025-09-01 02:28:00,21,free,clear
UPD0043,TRN0043,STN012,2025-09-01 02:15:00,2025-09-01 02:25:00,7,occupied,clear
UPD0044,TRN0044,STN038,2025-09-01 02:18:00,2025-09-01 02:31:00,16,free,rain
UPD0045,TRN0045,STN074,2025-09-01 02:21:00,2025-09-01 02:37:00,25,free,clear
UPD0046,TRN0046,STN064,2025-09-01 02:24:00,2025-09-01 02:36:00,10,free,clear
UPD0047,TRN0047,STN101,2025-09-01 02:27:00,2025-09-01 02:38:00,8,free,fog
UPD0048,TRN0048,STN079,2025-09-01 02:30:00,2025-09-01 02:46:00,24,free,clear
UPD0049,TRN0049,STN108,2025-09-01 02:33:00,2025-09-01 02:43:00,6,occupied,clear
UPD0050,TRN0050,STN039,2025-09-01 02:36:00,2025-09-01 02:51:00,19,free,rain
UPD0051,TRN0051,STN119,2025-09-01 02:39:00,2025-09-01 02:50:00,9,free,clear
UPD0052,TRN0052,STN105,2025-09-01 02:42:00,2025-09-01 02:58:00,26,free,clear
UPD0053,TRN0053,STN076,2025-09-01 02:45:00,2025-09-01 02:57:00,12,free,clear
UPD0054,TRN0054,STN103,2025-09-01 02:48:00,2025-09-01 03:00:00,10,occupied,clear
UPD0055,TRN0055,STN033,2025-09-01 02:51:00,2025-09-01 03:07:00,24,free,storm
UPD0056,TRN0056,STN077,2025-09-01 02:54:00,2025-09-01 03:08:00,19,free,clear
UPD0057,TRN0057,STN054,2025-09-01 02:57:00,2025-09-01 03:11:00,18,free,clear
UPD0058,TRN0058,STN077,2025-09-01 03:00:00,2025-09-01 03:12:00,15,free,clear
UPD0059,TRN0059,STN083,2025-09-01 03:03:00,2025-09-01 03:12:00,6,free,fog
UPD0060,TRN0060,STN124,2025-09-01 03:06:00,2025-09-01 03:18:00,12,free,clear
UPD0061,TRN0061,STN096,2025-09-01 03:09:00,2025-09-01 03:23:00,21,free,clear
UPD0062,TRN0062,STN021,2025-09-01 03:12:00,2025-09-01 03:26:00,20,occupied,clear
UPD0063,TRN0063,STN107,2025-09-01 03:15:00,2025-09-01 03:27:00,12,free,clear
UPD0064,TRN0064,STN089,2025-09-01 03:18:00,2025-09-01 03:31:00,19,free,clear
UPD0065,TRN0065,STN009,2025-09-01 03:21:00,2025-09-01 03:33:00,12,free,clear
UPD0066,TRN0066,STN087,2025-09-01 03:24:00,2025-09-01 03:35:00,9,free,clear
UPD0067,TRN0067,STN043,2025-09-01 03:27:00,2025-09-01 03:41:00,22,occupied,clear
UPD0068,TRN0068,STN082,2025-09-01 03:30:00,2025-09-01 03:44:00,21,free,clear
UPD0069,TRN0069,STN088,2025-09-01 03:33:00,2025-09-01 03:45:00,12,free,rain
UPD0070,TRN0070,STN074,2025-09-01 03:36:00,2025-09-01 03:47:00,9,occupied,clear
UPD0071,TRN0071,STN092,2025-09-01 03:39:00,2025-09-01 03:53:00,21,free,storm
UPD0072,TRN0072,STN051,2025-09-01 03:42:00,2025-09-01 03:58:00,26,free,clear
UPD0073,TRN0073,STN106,2025-09-01 03:45:00,2025-09-01 03:56:00,9,free,clear
UPD0074,TRN0074,STN016,2025-09-01 03:48:00,2025-09-01 04:02:00,20,free,clear
UPD0075,TRN0075,STN041,2025-09-01 03:51:00,2025-09-01 04:05:00,20,occupied,rain
UPD0076,TRN0076,STN089,2025-09-01 03:54:00,2025-09-01 04:06:00,12,free,clear
UPD0077,TRN0077,STN046,2025-09-01 03:57:00,2025-09-01 04:13:00,24,free,clear
UPD0078,TRN0078,STN063,2025-09-01 04:00:00,2025-09-01 04:14:00,22,free,clear
UPD0079,TRN0079,STN095,2025-09-01 04:03:00,2025-09-01 04:15:00,10,occupied,clear
UPD0080,TRN0080,STN004,2025-09-01 04:06:00,2025-09-01 04:20:00,21,free,clear
UPD0081,TRN0081,STN022,2025-09-01 04:09:00,2025-09-01 04:23:00,21,free,clear
UPD0082,TRN0082,STN066,2025-09-01 04:12:00,2025-09-01 04:24:00,10,free,clear
UPD0083,TRN0083,STN106,2025-09-01 04:15:00,2025-09-01 04:29:00,22,free,clear
UPD0084,TRN0084,STN095,2025-09-01 04:18:00,2025-09-01 04:28:00,8,free,rain
UPD0085,TRN0085,STN057,2025-09-01 04:21:00,2025-09-01 04:37:00,24,occupied,clear
UPD0086,TRN0086,STN111,2025-09-01 04:24:00,2025-09-01 04:38:00,22,free,clear
UPD0087,TRN0087,STN104,2025-09-01 04:27:00,2025-09-01 04:40:00,17,free,clear
UPD0088,TRN0088,STN091,2025-09-01 04:30:00,2025-09-01 04:42:00,12,free,clear
UPD0089,TRN0089,STN116,2025-09-01 04:33:00,2025-09-01 04:49:00,24,free,clear
UPD0090,TRN0090,STN111,2025-09-01 04:36:00,2025-09-01 04:47:00,11,free,clear
UPD0091,TRN0091,STN105,2025-09-01 04:39:00,2025-09-01 04:55:00,24,occupied,clear
UPD0092,TRN0092,STN052,2025-09-01 04:42:00,2025-09-01 04:58:00,26,free,clear
UPD0093,TRN0093,STN089,2025-09-01 04:45:00,2025-09-01 04:57:00,10,free,clear
UPD0094,TRN0094,STN106,2025-09-01 04:48:00,2025-09-01 05:02:00,20,free,rain
UPD0095,TRN0095,STN064,2025-09-01 04:51:00,2025-09-01 05:03:00,10,occupied,clear
UPD0096,TRN0096,STN110,2025-09-01 04:54:00,2025-09-01 05:10:00,24,free,clear
UPD0097,TRN0097,STN004,2025-09-01 04:57:00,2025-09-01 05:13:00,26,free,clear
UPD0098,TRN0098,STN104,2025-09-01 05:00:00,2025-09-01 05:12:00,10,free,clear
UPD0099,TRN0099,STN084,2025-09-01 05:03:00,2025-09-01 05:17:00,22,free,clear
UPD0100,TRN0100,STN051,2025-09-01 05:06:00,2025-09-01 05:18:00,12,free,clear
UPD0101,TRN0101,STN091,2025-09-01 05:09:00,2025-09-01 05:20:00,9,free,clear
UPD0102,TRN0102,STN073,2025-09-01 05:12:00,2025-09-01 05:28:00,24,occupied,fog
UPD0103,TRN0103,STN095,2025-09-01 05:15:00,2025-09-01 05:29:00,22,free,clear
UPD0104,TRN0104,STN041,2025-09-01 05:18:00,2025-09-01 05:30:00,10,free,clear
UPD0105,TRN0105,STN009,2025-09-01 05:21:00,2025-09-01 05:37:00,24,free,clear
UPD0106,TRN0106,STN090,2025-09-01 05:24:00,2025-09-01 05:40:00,24,occupied,rain
UPD0107,TRN0107,STN115,2025-09-01 05:27:00,2025-09-01 05:41:00,21,free,clear
UPD0108,TRN0108,STN048,2025-09-01 05:30:00,2025-09-01 05:44:00,21,free,clear
UPD0109,TRN0109,STN077,2025-09-01 05:33:00,2025-09-01 05:49:00,24,free,clear
UPD0110,TRN0110,STN067,2025-09-01 05:36:00,2025-09-01 05:50:00,22,free,clear
UPD0111,TRN0111,STN064,2025-09-01 05:39:00,2025-09-01 05:53:00,21,free,clear
UPD0112,TRN0112,STN114,2025-09-01 05:42:00,2025-09-01 05:56:00,21,free,clear
UPD0113,TRN0113,STN047,2025-09-01 05:45:00,2025-09-01 05:59:00,21,free,clear
UPD0114,TRN0114,STN002,2025-09-01 05:48:00,2025-09-01 06:02:00,21,free,rain
UPD0115,TRN0115,STN065,2025-09-01 05:51:00,2025-09-01 06:03:00,10,free,clear
UPD0116,TRN0116,STN071,2025-09-01 05:54:00,2025-09-01 06:10:00,24,occupied,clear
UPD0117,TRN0117,STN125,2025-09-01 05:57:00,2025-09-01 06:09:00,10,free,clear
UPD0118,TRN0118,STN115,2025-09-01 06:00:00,2025-09-01 06:14:00,22,free,clear
UPD0119,TRN0119,STN059,2025-09-01 06:03:00,2025-09-01 06:19:00,24,occupied,clear
UPD0120,TRN0120,STN002,2025-09-01 06:06:00,2025-09-01 06:22:00,26,free,clear
UPD0121,TRN0121,STN067,2025-09-01 06:09:00,2025-09-01 06:21:00,10,free,clear
UPD0122,TRN0122,STN099,2025-09-01 06:12:00,2025-09-01 06:24:00,10,free,clear
UPD0123,TRN0123,STN092,2025-09-01 06:15:00,2025-09-01 06:31:00,24,free,clear
UPD0124,TRN0124,STN110,2025-09-01 06:18:00,2025-09-01 06:34:00,24,occupied,clear
UPD0125,TRN0125,STN087,2025-09-01 06:21:00,2025-09-01 06:33:00,10,free,clear
UPD0126,TRN0126,STN032,2025-09-01 06:24:00,2025-09-01 06:36:00,10,free,clear
UPD0127,TRN0127,STN120,2025-09-01 06:27:00,2025-09-01 06:43:00,24,free,clear
UPD0128,TRN0128,STN035,2025-09-01 06:30:00,2025-09-01 06:44:00,21,free,clear
UPD0129,TRN0129,STN029,2025-09-01 06:33:00,2025-09-01 06:47:00,21,free,storm
UPD0130,TRN0130,STN116,2025-09-01 06:36:00,2025-09-01 06:48:00,10,occupied,clear
UPD0131,TRN0131,STN026,2025-09-01 06:39:00,2025-09-01 06:55:00,24,free,clear
UPD0132,TRN0132,STN125,2025-09-01 06:42:00,2025-09-01 06:54:00,10,under_maintenance,clear
UPD0133,TRN0133,STN001,2025-09-01 06:45:00,2025-09-01 06:59:00,21,free,clear
UPD0134,TRN0134,STN001,2025-09-01 06:48:00,2025-09-01 07:00:00,10,free,clear
UPD0135,TRN0135,STN031,2025-09-01 06:51:00,2025-09-01 07:03:00,10,free,clear
UPD0136,TRN0136,STN118,2025-09-01 06:54:00,2025-09-01 07:08:00,22,free,clear
UPD0137,TRN0137,STN013,2025-09-01 06:57:00,2025-09-01 07:13:00,24,free,clear
UPD0138,TRN0138,STN056,2025-09-01 07:00:00,2025-09-01 07:12:00,10,free,clear
UPD0139,TRN0139,STN090,2025-09-01 07:03:00,2025-09-01 07:19:00,24,free,clear
UPD0140,TRN0140,STN018,2025-09-01 07:06:00,2025-09-01 07:20:00,21,occupied,clear
UPD0141,TRN0141,STN053,2025-09-01 07:09:00,2025-09-01 07:21:00,10,free,rain
UPD0142,TRN0142,STN012,2025-09-01 07:12:00,2025-09-01 07:28:00,24,free,clear
UPD0143,TRN0143,STN019,2025-09-01 07:15:00,2025-09-01 07:28:00,11,free,clear
UPD0144,TRN0144,STN105,2025-09-01 07:18:00,2025-09-01 07:34:00,24,free,fog
UPD0145,TRN0145,STN013,2025-09-01 07:21:00,2025-09-01 07:33:00,10,occupied,clear
UPD0146,TRN0146,STN026,2025-09-01 07:24:00,2025-09-01 07:40:00,24,free,clear
UPD0147,TRN0147,STN076,2025-09-01 07:27:00,2025-09-01 07:41:00,21,free,clear
UPD0148,TRN0148,STN012,2025-09-01 07:30:00,2025-09-01 07:44:00,21,free,clear
UPD0149,TRN0149,STN039,2025-09-01 07:33:00,2025-09-01 07:45:00,10,free,clear
UPD0150,TRN0150,STN088,2025-09-01 07:36:00,2025-09-01 07:50:00,21,free,clear
UPD0151,TRN0151,STN036,2025-09-01 07:39:00,2025-09-01 07:53:00,21,free,clear
UPD0152,TRN0152,STN064,2025-09-01 07:42:00,2025-09-01 07:58:00,24,free,clear
UPD0153,TRN0153,STN026,2025-09-01 07:45:00,2025-09-01 07:59:00,21,occupied,clear
UPD0154,TRN0154,STN062,2025-09-01 07:48:00,2025-09-01 08:02:00,21,free,clear
UPD0155,TRN0155,STN024,2025-09-01 07:51:00,2025-09-01 08:05:00,21,free,clear
UPD0156,TRN0156,STN110,2025-09-01 07:54:00,2025-09-01 08:06:00,10,occupied,rain
UPD0157,TRN0157,STN001,2025-09-01 07:57:00,2025-09-01 08:13:00,24,free,clear
UPD0158,TRN0158,STN074,2025-09-01 08:00:00,2025-09-01 08:16:00,24,free,clear
UPD0159,TRN0159,STN104,2025-09-01 08:03:00,2025-09-01 08:17:00,21,free,clear
UPD0160,TRN0160,STN073,2025-09-01 08:06:00,2025-09-01 08:20:00,21,free,clear
UPD0161,TRN0161,STN012,2025-09-01 08:09:00,2025-09-01 08:21:00,10,free,clear
UPD0162,TRN0162,STN043,2025-09-01 08:12:00,2025-09-01 08:24:00,10,free,clear
UPD0163,TRN0163,STN003,2025-09-01 08:15:00,2025-09-01 08:27:00,10,free,clear
UPD0164,TRN0164,STN048,2025-09-01 08:18:00,2025-09-01 08:34:00,24,free,clear
UPD0165,TRN0165,STN018,2025-09-01 08:21:00,2025-09-01 08:35:00,21,free,clear
UPD0166,TRN0166,STN089,2025-09-01 08:24:00,2025-09-01 08:38:00,21,free,clear
UPD0167,TRN0167,STN040,2025-09-01 08:27:00,2025-09-01 08:41:00,21,free,clear
UPD0168,TRN0168,STN109,2025-09-01 08:30:00,2025-09-01 08:42:00,10,free,clear
UPD0169,TRN0169,STN082,2025-09-01 08:33:00,2025-09-01 08:47:00,21,free,clear
UPD0170,TRN0170,STN045,2025-09-01 08:36:00,2025-09-01 08:50:00,21,free,clear
UPD0171,TRN0171,STN002,2025-09-01 08:39:00,2025-09-01 08:55:00,24,free,clear
UPD0172,TRN0172,STN093,2025-09-01 08:42:00,2025-09-01 08:54:00,10,free,clear
UPD0173,TRN0173,STN077,2025-09-01 08:45:00,2025-09-01 08:59:00,21,free,clear
UPD0174,TRN0174,STN084,2025-09-01 08:48:00,2025-09-01 09:02:00,21,free,clear
UPD0175,TRN0175,STN003,2025-09-01 08:51:00,2025-09-01 09:03:00,10,occupied,storm
UPD0176,TRN0176,STN094,2025-09-01 08:54:00,2025-09-01 09:10:00,24,free,clear
UPD0177,TRN0177,STN091,2025-09-01 08:57:00,2025-09-01 09:09:00,10,free,clear
UPD0178,TRN0178,STN007,2025-09-01 09:00:00,2025-09-01 09:12:00,10,free,clear
UPD0179,TRN0179,STN034,2025-09-01 09:03:00,2025-09-01 09:19:00,24,free,clear
UPD0180,TRN0180,STN071,2025-09-01 09:06:00,2025-09-01 09:22:00,24,occupied,clear
UPD0181,TRN0181,STN038,2025-09-01 09:09:00,2025-09-01 09:23:00,21,free,clear
UPD0182,TRN0182,STN011,2025-09-01 09:12:00,2025-09-01 09:24:00,10,free,clear
UPD0183,TRN0183,STN012,2025-09-01 09:15:00,2025-09-01 09:31:00,24,occupied,clear
UPD0184,TRN0184,STN024,2025-09-01 09:18:00,2025-09-01 09:30:00,10,free,clear
UPD0185,TRN0185,STN073,2025-09-01 09:21:00,2025-09-01 09:37:00,24,free,clear
UPD0186,TRN0186,STN053,2025-09-01 09:24:00,2025-09-01 09:40:00,24,free,clear
UPD0187,TRN0187,STN124,2025-09-01 09:27:00,2025-09-01 09:41:00,21,free,clear
UPD0188,TRN0188,STN116,2025-09-01 09:30:00,2025-09-01 09:44:00,21,free,clear
UPD0189,TRN0189,STN097,2025-09-01 09:33:00,2025-09-01 09:49:00,24,free,clear
UPD0190,TRN0190,STN105,2025-09-01 09:36:00,2025-09-01 09:48:00,10,free,clear
UPD0191,TRN0191,STN071,2025-09-01 09:39:00,2025-09-01 09:55:00,24,free,clear
UPD0192,TRN0192,STN050,2025-09-01 09:42:00,2025-09-01 09:58:00,24,occupied,clear
UPD0193,TRN0193,STN069,2025-09-01 09:45:00,2025-09-01 09:57:00,10,free,clear
UPD0194,TRN0194,STN086,2025-09-01 09:48:00,2025-09-01 10:00:00,10,free,clear
UPD0195,TRN0195,STN113,2025-09-01 09:51:00,2025-09-01 10:03:00,10,free,clear
UPD0196,TRN0196,STN061,2025-09-01 09:54:00,2025-09-01 10:10:00,24,free,clear
UPD0197,TRN0197,STN005,2025-09-01 09:57:00,2025-09-01 10:09:00,10,free,clear
UPD0198,TRN0198,STN115,2025-09-01 10:00:00,2025-09-01 10:12:00,10,free,fog
UPD0199,TRN0199,STN007,2025-09-01 10:03:00,2025-09-01 10:19:00,24,free,clear
UPD0200,TRN0200,STN100,2025-09-01 10:06:00,2025-09-01 10:18:00,10,free,clear 
UPD0201,TRN0201,STN159,2025-09-01 10:09:00,2025-09-01 10:25:00,24,free,clear
UPD0202,TRN0202,STN171,2025-09-01 10:12:00,2025-09-01 10:24:00,10,occupied,clear
UPD0203,TRN0203,STN103,2025-09-01 10:15:00,2025-09-01 10:29:00,21,free,rain
UPD0204,TRN0204,STN041,2025-09-01 10:18:00,2025-09-01 10:34:00,24,free,clear
UPD0205,TRN0205,STN036,2025-09-01 10:21:00,2025-09-01 10:33:00,10,free,clear
UPD0206,TRN0206,STN031,2025-09-01 10:24:00,2025-09-01 10:36:00,10,occupied,clear
UPD0207,TRN0207,STN071,2025-09-01 10:27:00,2025-09-01 10:43:00,24,free,clear
UPD0208,TRN0208,STN008,2025-09-01 10:30:00,2025-09-01 10:44:00,21,free,clear
UPD0209,TRN0209,STN082,2025-09-01 10:33:00,2025-09-01 10:45:00,10,free,clear
UPD0210,TRN0210,STN061,2025-09-01 10:36:00,2025-09-01 10:52:00,24,free,clear
UPD0211,TRN0211,STN033,2025-09-01 10:39:00,2025-09-01 10:51:00,10,occupied,clear
UPD0212,TRN0212,STN118,2025-09-01 10:42:00,2025-09-01 10:58:00,24,free,clear
UPD0213,TRN0213,STN051,2025-09-01 10:45:00,2025-09-01 10:57:00,10,free,clear
UPD0214,TRN0214,STN077,2025-09-01 10:48:00,2025-09-01 11:02:00,21,free,clear
UPD0215,TRN0215,STN044,2025-09-01 10:51:00,2025-09-01 11:05:00,21,occupied,clear
UPD0216,TRN0216,STN020,2025-09-01 10:54:00,2025-09-01 11:08:00,21,free,clear
UPD0217,TRN0217,STN093,2025-09-01 10:57:00,2025-09-01 11:13:00,24,free,clear
UPD0218,TRN0218,STN050,2025-09-01 11:00:00,2025-09-01 11:12:00,10,free,clear
UPD0219,TRN0219,STN082,2025-09-01 11:03:00,2025-09-01 11:19:00,24,free,clear
UPD0220,TRN0220,STN047,2025-09-01 11:06:00,2025-09-01 11:20:00,21,free,fog
UPD0221,TRN0221,STN017,2025-09-01 11:09:00,2025-09-01 11:25:00,24,occupied,clear
UPD0222,TRN0222,STN001,2025-09-01 11:12:00,2025-09-01 11:26:00,21,free,clear
UPD0223,TRN0223,STN081,2025-09-01 11:15:00,2025-09-01 11:27:00,10,free,clear
UPD0224,TRN0224,STN017,2025-09-01 11:18:00,2025-09-01 11:34:00,24,free,clear
UPD0225,TRN0225,STN077,2025-09-01 11:21:00,2025-09-01 11:35:00,21,free,clear
UPD0226,TRN0226,STN029,2025-09-01 11:24:00,2025-09-01 11:36:00,10,occupied,clear
UPD0227,TRN0227,STN029,2025-09-01 11:27:00,2025-09-01 11:43:00,24,free,clear
UPD0228,TRN0228,STN077,2025-09-01 11:30:00,2025-09-01 11:44:00,21,free,clear
UPD0229,TRN0229,STN029,2025-09-01 11:33:00,2025-09-01 11:49:00,24,free,clear
UPD0230,TRN0230,STN077,2025-09-01 11:36:00,2025-09-01 11:48:00,10,free,rain
UPD0231,TRN0231,STN057,2025-09-01 11:39:00,2025-09-01 11:55:00,24,free,clear
UPD0232,TRN0232,STN017,2025-09-01 11:42:00,2025-09-01 11:54:00,10,occupied,clear
UPD0233,TRN0233,STN030,2025-09-01 11:45:00,2025-09-01 12:01:00,24,free,clear
UPD0234,TRN0234,STN017,2025-09-01 11:48:00,2025-09-01 12:00:00,10,free,clear
UPD0235,TRN0235,STN066,2025-09-01 11:51:00,2025-09-01 12:03:00,10,free,clear
UPD0236,TRN0236,STN023,2025-09-01 11:54:00,2025-09-01 12:10:00,24,free,clear
UPD0237,TRN0237,STN111,2025-09-01 11:57:00,2025-09-01 12:11:00,21,occupied,clear
UPD0238,TRN0238,STN064,2025-09-01 12:00:00,2025-09-01 12:12:00,10,free,clear
UPD0239,TRN0239,STN023,2025-09-01 12:03:00,2025-09-01 12:19:00,24,free,clear
UPD0240,TRN0240,STN020,2025-09-01 12:06:00,2025-09-01 12:22:00,26,free,rain
UPD0241,TRN0241,STN026,2025-09-01 12:09:00,2025-09-01 12:21:00,10,free,clear
UPD0242,TRN0242,STN029,2025-09-01 12:12:00,2025-09-01 12:24:00,10,occupied,clear
UPD0243,TRN0243,STN001,2025-09-01 12:15:00,2025-09-01 12:31:00,24,free,clear
UPD0244,TRN0244,STN069,2025-09-01 12:18:00,2025-09-01 12:34:00,24,free,clear
UPD0245,TRN0245,STN001,2025-09-01 12:21:00,2025-09-01 12:33:00,10,free,clear
UPD0246,TRN0246,STN069,2025-09-01 12:24:00,2025-09-01 12:36:00,10,free,clear
UPD0247,TRN0247,STN001,2025-09-01 12:27:00,2025-09-01 12:43:00,24,occupied,clear
UPD0248,TRN0248,STN050,2025-09-01 12:30:00,2025-09-01 12:46:00,24,free,clear
UPD0249,TRN0249,STN038,2025-09-01 12:33:00,2025-09-01 12:45:00,10,free,clear
UPD0250,TRN0250,STN036,2025-09-01 12:36:00,2025-09-01 12:52:00,24,free,clear
UPD0251,TRN0251,STN034,2025-09-01 12:39:00,2025-09-01 12:53:00,21,free,rain
UPD0252,TRN0252,STN044,2025-09-01 12:42:00,2025-09-01 12:58:00,24,free,clear
UPD0253,TRN0253,STN013,2025-09-01 12:45:00,2025-09-01 12:57:00,10,occupied,clear
UPD0254,TRN0254,STN011,2025-09-01 12:48:00,2025-09-01 13:00:00,10,free,clear
UPD0255,TRN0255,STN012,2025-09-01 12:51:00,2025-09-01 13:03:00,10,free,clear
UPD0256,TRN0256,STN014,2025-09-01 12:54:00,2025-09-01 13:06:00,10,free,clear
UPD0257,TRN0257,STN029,2025-09-01 12:57:00,2025-09-01 13:13:00,24,free,clear
UPD0258,TRN0258,STN082,2025-09-01 13:00:00,2025-09-01 13:12:00,10,free,clear
UPD0259,TRN0259,STN029,2025-09-01 13:03:00,2025-09-01 13:19:00,24,free,clear
UPD0260,TRN0260,STN091,2025-09-01 13:06:00,2025-09-01 13:18:00,10,occupied,clear
UPD0261,TRN0261,STN005,2025-09-01 13:09:00,2025-09-01 13:25:00,24,free,clear
UPD0262,TRN0262,STN096,2025-09-01 13:12:00,2025-09-01 13:24:00,10,free,clear
UPD0263,TRN0263,STN052,2025-09-01 13:15:00,2025-09-01 13:31:00,24,free,clear
UPD0264,TRN0264,STN005,2025-09-01 13:18:00,2025-09-01 13:30:00,10,free,clear
UPD0265,TRN0265,STN067,2025-09-01 13:21:00,2025-09-01 13:37:00,24,free,clear
UPD0266,TRN0266,STN082,2025-09-01 13:24:00,2025-09-01 13:36:00,10,free,clear
UPD0267,TRN0267,STN082,2025-09-01 13:27:00,2025-09-01 13:43:00,24,free,clear
UPD0268,TRN0268,STN041,2025-09-01 13:30:00,2025-09-01 13:42:00,10,occupied,clear
UPD0269,TRN0269,STN081,2025-09-01 13:33:00,2025-09-01 13:49:00,24,free,clear
UPD0270,TRN0270,STN026,2025-09-01 13:36:00,2025-09-01 13:52:00,24,free,clear
UPD0271,TRN0271,STN082,2025-09-01 13:39:00,2025-09-01 13:51:00,10,free,clear
UPD0272,TRN0272,STN087,2025-09-01 13:42:00,2025-09-01 13:58:00,24,free,clear
UPD0273,TRN0273,STN041,2025-09-01 13:45:00,2025-09-01 13:57:00,10,free,clear
UPD0274,TRN0274,STN017,2025-09-01 13:48:00,2025-09-01 14:04:00,24,free,clear
UPD0275,TRN0275,STN017,2025-09-01 13:51:00,2025-09-01 14:03:00,10,occupied,clear
UPD0276,TRN0276,STN001,2025-09-01 13:54:00,2025-09-01 14:06:00,10,free,clear
UPD0277,TRN0277,STN071,2025-09-01 13:57:00,2025-09-01 14:13:00,24,free,clear
UPD0278,TRN0278,STN071,2025-09-01 14:00:00,2025-09-01 14:12:00,10,free,clear
UPD0279,TRN0279,STN001,2025-09-01 14:03:00,2025-09-01 14:19:00,24,free,clear
UPD0280,TRN0280,STN004,2025-09-01 14:06:00,2025-09-01 14:20:00,21,free,clear
UPD0281,TRN0281,STN001,2025-09-01 14:09:00,2025-09-01 14:21:00,10,occupied,clear
UPD0282,TRN0282,STN041,2025-09-01 14:12:00,2025-09-01 14:24:00,10,free,clear
UPD0283,TRN0283,STN043,2025-09-01 14:15:00,2025-09-01 14:31:00,24,free,clear
UPD0284,TRN0284,STN041,2025-09-01 14:18:00,2025-09-01 14:30:00,10,free,clear
UPD0285,TRN0285,STN029,2025-09-01 14:21:00,2025-09-01 14:37:00,24,free,clear
UPD0286,TRN0286,STN077,2025-09-01 14:24:00,2025-09-01 14:36:00,10,free,clear
UPD0287,TRN0287,STN029,2025-09-01 14:27:00,2025-09-01 14:39:00,10,occupied,clear
UPD0288,TRN0288,STN041,2025-09-01 14:30:00,2025-09-01 14:46:00,24,free,clear
UPD0289,TRN0289,STN041,2025-09-01 14:33:00,2025-09-01 14:47:00,21,free,clear
UPD0290,TRN0290,STN043,2025-09-01 14:36:00,2025-09-01 14:52:00,24,free,clear
UPD0291,TRN0291,STN001,2025-09-01 14:39:00,2025-09-01 14:51:00,10,free,clear
UPD0292,TRN0292,STN050,2025-09-01 14:42:00,2025-09-01 14:54:00,10,free,clear
UPD0293,TRN0293,STN013,2025-09-01 14:45:00,2025-09-01 15:01:00,24,free,clear
UPD0294,TRN0294,STN012,2025-09-01 14:48:00,2025-09-01 15:00:00,10,occupied,clear
UPD0295,TRN0295,STN066,2025-09-01 14:51:00,2025-09-01 15:07:00,24,free,clear
UPD0296,TRN0296,STN096,2025-09-01 14:54:00,2025-09-01 15:06:00,10,free,clear
UPD0297,TRN0297,STN012,2025-09-01 14:57:00,2025-09-01 15:13:00,24,free,clear
UPD0298,TRN0298,STN077,2025-09-01 15:00:00,2025-09-01 15:12:00,10,free,clear
UPD0299,TRN0299,STN013,2025-09-01 15:03:00,2025-09-01 15:19:00,24,free,clear
UPD0300,TRN0300,STN077,2025-09-01 15:06:00,2025-09-01 15:18:00,10,free,clear
UPD0301,TRN0301,STN029,2025-09-01 15:09:00,2025-09-01 15:25:00,24,free,clear
UPD0302,TRN0302,STN057,2025-09-01 15:12:00,2025-09-01 15:24:00,10,occupied,clear
UPD0303,TRN0303,STN093,2025-09-01 15:15:00,2025-09-01 15:27:00,10,free,clear
UPD0304,TRN0304,STN034,2025-09-01 15:18:00,2025-09-01 15:34:00,24,free,clear
UPD0305,TRN0305,STN026,2025-09-01 15:21:00,2025-09-01 15:33:00,10,free,clear
UPD0306,TRN0306,STN001,2025-09-01 15:24:00,2025-09-01 15:36:00,10,free,clear
UPD0307,TRN0307,STN071,2025-09-01 15:27:00,2025-09-01 15:43:00,24,free,clear
UPD0308,TRN0308,STN071,2025-09-01 15:30:00,2025-09-01 15:44:00,21,free,clear
UPD0309,TRN0309,STN030,2025-09-01 15:33:00,2025-09-01 15:49:00,24,free,clear
UPD0310,TRN0310,STN030,2025-09-01 15:36:00,2025-09-01 15:48:00,10,occupied,clear
UPD0311,TRN0311,STN029,2025-09-01 15:39:00,2025-09-01 15:55:00,24,free,clear
UPD0312,TRN0312,STN029,2025-09-01 15:42:00,2025-09-01 15:54:00,10,free,clear
UPD0313,TRN0313,STN012,2025-09-01 15:45:00,2025-09-01 16:01:00,24,free,clear
UPD0314,TRN0314,STN012,2025-09-01 15:48:00,2025-09-01 16:00:00,10,free,clear
UPD0315,TRN0315,STN041,2025-09-01 15:51:00,2025-09-01 16:07:00,24,free,clear
UPD0316,TRN0316,STN041,2025-09-01 15:54:00,2025-09-01 16:06:00,10,free,clear
UPD0317,TRN0317,STN041,2025-09-01 15:57:00,2025-09-01 16:13:00,24,free,clear
UPD0318,TRN0318,STN041,2025-09-01 16:00:00,2025-09-01 16:12:00,10,occupied,clear
UPD0319,TRN0319,STN082,2025-09-01 16:03:00,2025-09-01 16:19:00,24,free,clear
UPD0320,TRN0320,STN082,2025-09-01 16:06:00,2025-09-01 16:18:00,10,free,clear
UPD0321,TRN0321,STN041,2025-09-01 16:09:00,2025-09-01 16:25:00,24,free,clear
UPD0322,TRN0322,STN081,2025-09-01 16:12:00,2025-09-01 16:24:00,10,free,clear
UPD0323,TRN0323,STN051,2025-09-01 16:15:00,2025-09-01 16:31:00,24,free,clear
UPD0324,TRN0324,STN060,2025-09-01 16:18:00,2025-09-01 16:30:00,10,free,clear
UPD0325,TRN0325,STN034,2025-09-01 16:21:00,2025-09-01 16:37:00,24,free,clear
UPD0326,TRN0326,STN081,2025-09-01 16:24:00,2025-09-01 16:36:00,10,occupied,clear
UPD0327,TRN0327,STN082,2025-09-01 16:27:00,2025-09-01 16:43:00,24,free,clear
UPD0328,TRN0328,STN041,2025-09-01 16:30:00,2025-09-01 16:42:00,10,free,clear
UPD0329,TRN0329,STN082,2025-09-01 16:33:00,2025-09-01 16:49:00,24,free,clear
UPD0330,TRN0330,STN041,2025-09-01 16:36:00,2025-09-01 16:48:00,10,free,clear
UPD0331,TRN0331,STN021,2025-09-01 16:39:00,2025-09-01 16:55:00,24,free,clear
UPD0332,TRN0332,STN021,2025-09-01 16:42:00,2025-09-01 16:54:00,10,free,clear
UPD0333,TRN0333,STN029,2025-09-01 16:45:00,2025-09-01 17:01:00,24,free,clear
UPD0334,TRN0334,STN029,2025-09-01 16:48:00,2025-09-01 17:00:00,10,occupied,clear
UPD0335,TRN0335,STN066,2025-09-01 16:51:00,2025-09-01 17:07:00,24,free,clear
UPD0336,TRN0336,STN066,2025-09-01 16:54:00,2025-09-01 17:06:00,10,free,clear
UPD0337,TRN0337,STN052,2025-09-01 16:57:00,2025-09-01 17:13:00,24,free,clear
UPD0338,TRN0338,STN056,2025-09-01 17:00:00,2025-09-01 17:12:00,10,free,clear
UPD0339,TRN0339,STN077,2025-09-01 17:03:00,2025-09-01 17:19:00,24,free,clear
UPD0340,TRN0340,STN080,2025-09-01 17:06:00,2025-09-01 17:18:00,10,free,clear
UPD0341,TRN0341,STN041,2025-09-01 17:09:00,2025-09-01 17:25:00,24,free,clear
UPD0342,TRN0342,STN041,2025-09-01 17:12:00,2025-09-01 17:24:00,10,occupied,clear
UPD0343,TRN0343,STN017,2025-09-01 17:15:00,2025-09-01 17:31:00,24,free,clear
UPD0344,TRN0344,STN001,2025-09-01 17:18:00,2025-09-01 17:30:00,10,free,clear
UPD0345,TRN0345,STN081,2025-09-01 17:21:00,2025-09-01 17:37:00,24,free,clear
UPD0346,TRN0346,STN044,2025-09-01 17:24:00,2025-09-01 17:36:00,10,free,clear
UPD0347,TRN0347,STN077,2025-09-01 17:27:00,2025-09-01 17:43:00,24,free,clear
UPD0348,TRN0348,STN029,2025-09-01 17:30:00,2025-09-01 17:42:00,10,occupied,clear
UPD0349,TRN0349,STN034,2025-09-01 17:33:00,2025-09-01 17:49:00,24,free,clear
UPD0350,TRN0350,STN029,2025-09-01 17:36:00,2025-09-01 17:48:00,10,free,clear
UPD0351,TRN0351,STN092,2025-09-01 17:39:00,2025-09-01 17:55:00,24,free,clear
UPD0352,TRN0352,STN026,2025-09-01 17:42:00,2025-09-01 17:54:00,10,free,clear
UPD0353,TRN0353,STN012,2025-09-01 17:45:00,2025-09-01 18:01:00,24,free,clear
UPD0354,TRN0354,STN087,2025-09-01 17:48:00,2025-09-01 18:00:00,10,free,clear
UPD0355,TRN0355,STN001,2025-09-01 17:51:00,2025-09-01 18:07:00,24,free,clear
UPD0356,TRN0356,STN019,2025-09-01 17:54:00,2025-09-01 18:06:00,10,occupied,clear
UPD0357,TRN0357,STN061,2025-09-01 17:57:00,2025-09-01 18:13:00,24,free,clear
UPD0358,TRN0358,STN063,2025-09-01 18:00:00,2025-09-01 18:12:00,10,free,clear
UPD0359,TRN0359,STN091,2025-09-01 18:03:00,2025-09-01 18:19:00,24,free,clear
UPD0360,TRN0360,STN017,2025-09-01 18:06:00,2025-09-01 18:18:00,10,free,clear
UPD0361,TRN0361,STN071,2025-09-01 18:09:00,2025-09-01 18:25:00,24,free,clear
UPD0362,TRN0362,STN074,2025-09-01 18:12:00,2025-09-01 18:24:00,10,occupied,clear
UPD0363,TRN0363,STN041,2025-09-01 18:15:00,2025-09-01 18:31:00,24,free,clear
UPD0364,TRN0364,STN017,2025-09-01 18:18:00,2025-09-01 18:30:00,10,free,clear
UPD0365,TRN0365,STN013,2025-09-01 18:21:00,2025-09-01 18:37:00,24,free,clear
UPD0366,TRN0366,STN034,2025-09-01 18:24:00,2025-09-01 18:36:00,10,free,clear
UPD0367,TRN0367,STN029,2025-09-01 18:27:00,2025-09-01 18:43:00,24,free,clear
UPD0368,TRN0368,STN001,2025-09-01 18:30:00,2025-09-01 18:42:00,10,occupied,clear
UPD0369,TRN0369,STN029,2025-09-01 18:33:00,2025-09-01 18:49:00,24,free,clear
UPD0370,TRN0370,STN017,2025-09-01 18:36:00,2025-09-01 18:48:00,10,free,clear
UPD0371,TRN0371,STN102,2025-09-01 18:39:00,2025-09-01 18:55:00,24,free,clear
UPD0372,TRN0372,STN001,2025-09-01 18:42:00,2025-09-01 18:54:00,10,free,clear
UPD0373,TRN0373,STN055,2025-09-01 18:45:00,2025-09-01 19:01:00,24,free,clear
UPD0374,TRN0374,STN001,2025-09-01 18:48:00,2025-09-01 19:00:00,10,occupied,clear
UPD0375,TRN0375,STN026,2025-09-01 18:51:00,2025-09-01 19:03:00,10,free,clear
UPD0376,TRN0376,STN001,2025-09-01 18:54:00,2025-09-01 19:10:00,24,free,clear
UPD0377,TRN0377,STN057,2025-09-01 18:57:00,2025-09-01 19:09:00,10,free,clear
UPD0378,TRN0378,STN057,2025-09-01 19:00:00,2025-09-01 19:16:00,24,free,clear
UPD0379,TRN0379,STN030,2025-09-01 19:03:00,2025-09-01 19:15:00,10,free,clear
UPD0380,TRN0380,STN041,2025-09-01 19:06:00,2025-09-01 19:22:00,24,free,clear
UPD0381,TRN0381,STN020,2025-09-01 19:09:00,2025-09-01 19:21:00,10,occupied,clear
UPD0382,TRN0382,STN051,2025-09-01 19:12:00,2025-09-01 19:24:00,10,free,clear
UPD0383,TRN0383,STN029,2025-09-01 19:15:00,2025-09-01 19:31:00,24,free,clear
UPD0384,TRN0384,STN029,2025-09-01 19:18:00,2025-09-01 19:30:00,10,free,clear
UPD0385,TRN0385,STN030,2025-09-01 19:21:00,2025-09-01 19:37:00,24,free,clear
UPD0386,TRN0386,STN081,2025-09-01 19:24:00,2025-09-01 19:36:00,10,free,clear
UPD0387,TRN0387,STN081,2025-09-01 19:27:00,2025-09-01 19:43:00,24,free,clear
UPD0388,TRN0388,STN034,2025-09-01 19:30:00,2025-09-01 19:42:00,10,occupied,clear
UPD0389,TRN0389,STN068,2025-09-01 19:33:00,2025-09-01 19:49:00,24,free,clear
UPD0390,TRN0390,STN068,2025-09-01 19:36:00,2025-09-01 19:48:00,10,free,clear
UPD0391,TRN0391,STN093,2025-09-01 19:39:00,2025-09-01 19:55:00,24,free,clear
UPD0392,TRN0392,STN029,2025-09-01 19:42:00,2025-09-01 19:54:00,10,free,clear
UPD0393,TRN0393,STN079,2025-09-01 19:45:00,2025-09-01 20:01:00,24,free,clear
UPD0394,TRN0394,STN029,2025-09-01 19:48:00,2025-09-01 20:00:00,10,free,clear
UPD0395,TRN0395,STN077,2025-09-01 19:51:00,2025-09-01 20:07:00,24,free,clear
UPD0396,TRN0396,STN017,2025-09-01 19:54:00,2025-09-01 20:06:00,10,occupied,clear
UPD0397,TRN0397,STN057,2025-09-01 19:57:00,2025-09-01 20:13:00,24,free,clear
UPD0398,TRN0398,STN056,2025-09-01 20:00:00,2025-09-01 20:12:00,10,free,clear
UPD0399,TRN0399,STN096,2025-09-01 20:03:00,2025-09-01 20:19:00,24,free,clear
UPD0400,TRN0400,STN096,2025-09-01 20:06:00,2025-09-01 20:18:00,10,free,clear
UPD0401,TRN0401,STN005,2025-09-01 20:09:00,2025-09-01 20:25:00,24,free,clear
UPD0402,TRN0402,STN096,2025-09-01 20:12:00,2025-09-01 20:24:00,10,occupied,clear
UPD0403,TRN0403,STN101,2025-09-01 20:15:00,2025-09-01 20:27:00,10,free,clear
UPD0404,TRN0404,STN001,2025-09-01 20:18:00,2025-09-01 20:34:00,24,free,clear
UPD0405,TRN0405,STN071,2025-09-01 20:21:00,2025-09-01 20:33:00,10,free,clear
UPD0406,TRN0406,STN071,2025-09-01 20:24:00,2025-09-01 20:36:00,10,free,clear
UPD0407,TRN0407,STN071,2025-09-01 20:27:00,2025-09-01 20:43:00,24,occupied,clear
UPD0408,TRN0408,STN071,2025-09-01 20:30:00,2025-09-01 20:44:00,21,free,clear
UPD0409,TRN0409,STN052,2025-09-01 20:33:00,2025-09-01 20:45:00,10,free,clear
UPD0410,TRN0410,STN074,2025-09-01 20:36:00,2025-09-01 20:48:00,10,free,clear
UPD0411,TRN0411,STN037,2025-09-01 20:39:00,2025-09-01 20:55:00,24,free,clear
UPD0412,TRN0412,STN034,2025-09-01 20:42:00,2025-09-01 20:54:00,10,free,clear
UPD0413,TRN0413,STN081,2025-09-01 20:45:00,2025-09-01 21:01:00,24,free,clear
UPD0414,TRN0414,STN082,2025-09-01 20:48:00,2025-09-01 21:00:00,10,occupied,clear
UPD0415,TRN0415,STN041,2025-09-01 20:51:00,2025-09-01 21:07:00,24,free,clear
UPD0416,TRN0416,STN041,2025-09-01 20:54:00,2025-09-01 21:06:00,10,free,clear
UPD0417,TRN0417,STN029,2025-09-01 20:57:00,2025-09-01 21:13:00,24,free,clear
UPD0418,TRN0418,STN077,2025-09-01 21:00:00,2025-09-01 21:12:00,10,free,clear
UPD0419,TRN0419,STN034,2025-09-01 21:03:00,2025-09-01 21:19:00,24,free,clear
UPD0420,TRN0420,STN084,2025-09-01 21:06:00,2025-09-01 21:18:00,10,free,clear
UPD0421,TRN0421,STN041,2025-09-01 21:09:00,2025-09-01 21:25:00,24,free,clear
UPD0422,TRN0422,STN017,2025-09-01 21:12:00,2025-09-01 21:24:00,10,occupied,clear
UPD0423,TRN0423,STN029,2025-09-01 21:15:00,2025-09-01 21:31:00,24,free,clear
UPD0424,TRN0424,STN077,2025-09-01 21:18:00,2025-09-01 21:30:00,10,free,clear
UPD0425,TRN0425,STN071,2025-09-01 21:21:00,2025-09-01 21:37:00,24,free,clear
UPD0426,TRN0426,STN071,2025-09-01 21:24:00,2025-09-01 21:36:00,10,free,clear
UPD0427,TRN0427,STN001,2025-09-01 21:27:00,2025-09-01 21:43:00,24,free,clear
UPD0428,TRN0428,STN050,2025-09-01 21:30:00,2025-09-01 21:42:00,10,occupied,clear
UPD0429,TRN0429,STN017,2025-09-01 21:33:00,2025-09-01 21:49:00,24,free,clear
UPD0430,TRN0430,STN082,2025-09-01 21:36:00,2025-09-01 21:48:00,10,free,clear
UPD0431,TRN0431,STN029,2025-09-01 21:39:00,2025-09-01 21:55:00,24,free,clear
UPD0432,TRN0432,STN029,2025-09-01 21:42:00,2025-09-01 21:54:00,10,free,clear
UPD0433,TRN0433,STN030,2025-09-01 21:45:00,2025-09-01 22:01:00,24,free,clear
UPD0434,TRN0434,TRN041,2025-09-01 21:48:00,2025-09-01 22:00:00,10,free,clear
UPD0435,TRN0435,STN041,2025-09-01 21:51:00,2025-09-01 22:07:00,24,free,clear
UPD0436,TRN0436,STN017,2025-09-01 21:54:00,2025-09-01 22:06:00,10,occupied,clear
UPD0437,TRN0437,STN066,2025-09-01 21:57:00,2025-09-01 22:13:00,24,free,clear
UPD0438,TRN0438,STN066,2025-09-01 22:00:00,2025-09-01 22:12:00,10,free,clear
UPD0439,TRN0439,STN052,2025-09-01 22:03:00,2025-09-01 22:19:00,24,free,clear
UPD0440,TRN0440,STN056,2025-09-01 22:06:00,2025-09-01 22:18:00,10,free,clear
UPD0441,TRN0441,STN034,2025-09-01 22:09:00,2025-09-01 22:25:00,24,free,clear
UPD0442,TRN0442,STN001,2025-09-01 22:12:00,2025-09-01 22:24:00,10,free,clear
UPD0443,TRN0443,STN071,2025-09-01 22:15:00,2025-09-01 22:31:00,24,free,clear
UPD0444,TRN0444,STN074,2025-09-01 22:18:00,2025-09-01 22:30:00,10,occupied,clear
UPD0445,TRN0445,STN034,2025-09-01 22:21:00,2025-09-01 22:37:00,24,free,clear
UPD0446,TRN0446,STN064,2025-09-01 22:24:00,2025-09-01 22:36:00,10,free,clear
UPD0447,TRN0447,STN033,2025-09-01 22:27:00,2025-09-01 22:43:00,24,free,clear
UPD0448,TRN0448,STN038,2025-09-01 22:30:00,2025-09-01 22:42:00,10,free,clear
UPD0449,TRN0449,STN108,2025-09-01 22:33:00,2025-09-01 22:49:00,24,free,clear
UPD0450,TRN0450,STN104,2025-09-01 22:36:00,2025-09-01 22:48:00,10,free,clear
UPD0451,TRN0451,STN087,2025-09-01 22:39:00,2025-09-01 22:55:00,24,occupied,clear
UPD0452,TRN0452,STN059,2025-09-01 22:42:00,2025-09-01 22:54:00,10,free,clear
UPD0453,TRN0453,STN122,2025-09-01 22:45:00,2025-09-01 23:01:00,24,free,storm
UPD0454,TRN0454,STN110,2025-09-01 22:48:00,2025-09-01 23:00:00,10,under_maintenance,rain
UPD0455,TRN0455,STN041,2025-09-01 22:51:00,2025-09-01 23:07:00,24,free,clear
UPD0456,TRN0456,STN070,2025-09-01 22:54:00,2025-09-01 23:06:00,10,occupied,clear
UPD0457,TRN0457,STN033,2025-09-01 22:57:00,2025-09-01 23:13:00,24,free,clear
UPD0458,TRN0458,STN084,2025-09-01 23:00:00,2025-09-01 23:12:00,10,free,rain
UPD0459,TRN0459,STN116,2025-09-01 23:03:00,2025-09-01 23:19:00,24,free,clear
UPD0460,TRN0460,STN061,2025-09-01 23:06:00,2025-09-01 23:18:00,10,occupied,clear
UPD0461,TRN0461,STN025,2025-09-01 23:09:00,2025-09-01 23:25:00,24,free,clear
UPD0462,TRN0462,STN124,2025-09-01 23:12:00,2025-09-01 23:24:00,10,free,clear
UPD0463,TRN0463,STN041,2025-09-01 23:15:00,2025-09-01 23:31:00,24,occupied,rain
UPD0464,TRN0464,STN082,2025-09-01 23:18:00,2025-09-01 23:30:00,10,free,clear
UPD0465,TRN0465,STN034,2025-09-01 23:21:00,2025-09-01 23:37:00,24,free,fog
UPD0466,TRN0466,STN109,2025-09-01 23:24:00,2025-09-01 23:36:00,10,free,clear
UPD0467,TRN0467,STN052,2025-09-01 23:27:00,2025-09-01 23:43:00,24,occupied,clear
UPD0468,TRN0468,STN094,2025-09-01 23:30:00,2025-09-01 23:42:00,10,free,clear
UPD0469,TRN0469,STN073,2025-09-01 23:33:00,2025-09-01 23:49:00,24,free,clear
UPD0470,TRN0470,STN020,2025-09-01 23:36:00,2025-09-01 23:48:00,10,free,rain
UPD0471,TRN0471,STN083,2025-09-01 23:39:00,2025-09-01 23:55:00,24,occupied,clear
UPD0472,TRN0472,STN060,2025-09-01 23:42:00,2025-09-01 23:54:00,10,free,clear
UPD0473,TRN0473,STN029,2025-09-01 23:45:00,2025-09-01 23:57:00,10,free,clear
UPD0474,TRN0474,STN067,2025-09-01 23:48:00,2025-09-02 00:04:00,24,free,clear
UPD0475,TRN0475,STN001,2025-09-01 23:51:00,2025-09-02 00:07:00,24,under_maintenance,clear
UPD0476,TRN0476,STN070,2025-09-01 23:54:00,2025-09-02 00:06:00,10,free,clear
UPD0477,TRN0477,STN124,2025-09-01 23:57:00,2025-09-02 00:13:00,24,free,clear
UPD0478,TRN0478,STN024,2025-09-02 00:00:00,2025-09-02 00:12:00,10,occupied,clear
UPD0479,TRN0479,STN090,2025-09-02 00:03:00,2025-09-02 00:19:00,24,free,rain
UPD0480,TRN0480,STN172,2025-09-02 00:06:00,2025-09-02 00:18:00,10,free,clear
UPD0481,TRN0481,STN003,2025-09-02 00:09:00,2025-09-02 00:25:00,24,free,clear
UPD0482,TRN0482,STN145,2025-09-02 00:12:00,2025-09-02 00:24:00,10,occupied,clear
UPD0483,TRN0483,STN066,2025-09-02 00:15:00,2025-09-02 00:27:00,10,free,fog
UPD0484,TRN0484,STN111,2025-09-02 00:18:00,2025-09-02 00:34:00,24,free,clear
UPD0485,TRN0485,STN005,2025-09-02 00:21:00,2025-09-02 00:33:00,10,free,clear
UPD0486,TRN0486,STN041,2025-09-02 00:24:00,2025-09-02 00:40:00,24,free,rain
UPD0487,TRN0487,STN076,2025-09-02 00:27:00,2025-09-02 00:39:00,10,occupied,clear
UPD0488,TRN0488,STN088,2025-09-02 00:30:00,2025-09-02 00:46:00,24,free,clear
UPD0489,TRN0489,STN116,2025-09-02 00:33:00,2025-09-02 00:45:00,10,free,clear
UPD0490,TRN0490,STN104,2025-09-02 00:36:00,2025-09-02 00:52:00,24,occupied,rain
UPD0491,TRN0491,STN053,2025-09-02 00:39:00,2025-09-02 00:51:00,10,free,clear
UPD0492,TRN0492,STN122,2025-09-02 00:42:00,2025-09-02 00:58:00,24,free,clear
UPD0493,TRN0493,STN059,2025-09-02 00:45:00,2025-09-02 00:57:00,10,free,storm
UPD0494,TRN0494,STN069,2025-09-02 00:48:00,2025-09-02 01:04:00,24,under_maintenance,clear
UPD0495,TRN0495,STN084,2025-09-02 00:51:00,2025-09-02 01:03:00,10,free,clear
UPD0496,TRN0496,STN110,2025-09-02 00:54:00,2025-09-02 01:10:00,24,occupied,clear
UPD0497,TRN0497,STN104,2025-09-02 00:57:00,2025-09-02 01:09:00,10,free,clear
UPD0498,TRN0498,STN125,2025-09-02 01:00:00,2025-09-02 01:16:00,24,free,clear
UPD0499,TRN0499,STN089,2025-09-02 01:03:00,2025-09-02 01:15:00,10,free,rain
UPD0500,TRN0500,STN051,2025-09-02 01:06:00,2025-09-02 01:22:00,24,free,clear