train_id,current_station_id,actual_arrival_time,actual_departure_time,delay_minutes,track_status,weather_impact,train_type,priority_level,coach_length,max_speed_kmph,delayed_flag
TRN0001,STN032,01-09-2025 00:07,01-09-2025 00:19,12,free,clear,Superfast,1.0,16.0,130.0,1
TRN0002,STN118,01-09-2025 00:11,01-09-2025 00:24,23,occupied,rain,Superfast,1.0,16.0,130.0,1
TRN0003,STN099,01-09-2025 00:15,01-09-2025 00:25,10,free,fog,Superfast,1.0,16.0,130.0,1
TRN0004,STN067,01-09-2025 00:18,01-09-2025 00:32,28,free,clear,Superfast,1.0,16.0,130.0,1
TRN0005,STN081,01-09-2025 00:21,01-09-2025 00:33,12,under_maintenance,rain,Superfast,1.0,16.0,130.0,1
TRN0006,STN101,01-09-2025 00:24,01-09-2025 00:35,9,free,clear,Superfast,1.0,16.0,130.0,1
TRN0007,STN024,01-09-2025 00:27,01-09-2025 00:39,15,occupied,clear,Superfast,1.0,16.0,130.0,1
TRN0008,STN118,01-09-2025 00:30,01-09-2025 00:44,26,free,rain,Superfast,1.0,16.0,130.0,1
TRN0009,STN033,01-09-2025 00:33,01-09-2025 00:40,7,free,clear,Superfast,1.0,16.0,130.0,1
TRN0010,STN012,01-09-2025 00:36,01-09-2025 00:52,31,free,fog,Superfast,1.0,16.0,130.0,1
TRN0011,STN006,01-09-2025 00:39,01-09-2025 00:49,8,occupied,clear,Superfast,1.0,22.0,140.0,1
TRN0012,STN062,01-09-2025 00:42,01-09-2025 00:58,29,free,clear,Superfast,1.0,22.0,140.0,1
TRN0013,STN096,01-09-2025 00:45,01-09-2025 00:59,22,free,storm,Superfast,1.0,16.0,160.0,1
TRN0014,STN118,01-09-2025 00:48,01-09-2025 00:57,5,free,clear,Superfast,1.0,16.0,160.0,0
TRN0015,STN034,01-09-2025 00:51,01-09-2025 01:04,19,occupied,rain,Superfast,1.0,16.0,160.0,1
TRN0016,STN118,01-09-2025 00:54,01-09-2025 01:07,18,free,clear,Superfast,1.0,16.0,160.0,1
TRN0017,STN003,01-09-2025 00:57,01-09-2025 01:13,27,free,clear,Superfast,2.0,22.0,130.0,1
TRN0018,STN073,01-09-2025 01:00,01-09-2025 01:12,16,occupied,fog,Superfast,2.0,22.0,130.0,1
TRN0019,STN098,01-09-2025 01:03,01-09-2025 01:17,21,free,rain,Superfast,1.0,20.0,140.0,1
TRN0020,STN094,01-09-2025 01:06,01-09-2025 01:22,28,under_maintenance,clear,Superfast,1.0,20.0,140.0,1
TRN0021,STN118,01-09-2025 01:09,01-09-2025 01:18,6,free,clear,Express,2.0,22.0,120.0,1
TRN0022,STN098,01-09-2025 01:12,01-09-2025 01:26,20,free,rain,Express,2.0,22.0,120.0,1
TRN0023,STN028,01-09-2025 01:15,01-09-2025 01:28,19,occupied,clear,Express,3.0,22.0,120.0,1
TRN0024,STN085,01-09-2025 01:18,01-09-2025 01:28,7,free,clear,Express,3.0,22.0,120.0,1
TRN0025,STN068,01-09-2025 01:21,01-09-2025 01:34,18,free,fog,Express,3.0,22.0,120.0,1
TRN0026,STN014,01-09-2025 01:24,01-09-2025 01:36,14,occupied,clear,Express,3.0,22.0,120.0,1
TRN0027,STN033,01-09-2025 01:27,01-09-2025 01:42,23,occupied,rain,Passenger,4.0,18.0,110.0,1
TRN0028,STN073,01-09-2025 01:30,01-09-2025 01:40,8,free,clear,Passenger,4.0,18.0,110.0,1
TRN0029,STN012,01-09-2025 01:33,01-09-2025 01:47,21,free,clear,Passenger,5.0,16.0,100.0,1
TRN0030,STN011,01-09-2025 01:36,01-09-2025 01:51,17,free,clear,Passenger,5.0,16.0,100.0,1
TRN0031,STN118,01-09-2025 01:39,01-09-2025 01:53,22,occupied,clear,Passenger,5.0,16.0,100.0,1
TRN0032,STN035,01-09-2025 01:42,01-09-2025 01:57,23,free,rain,Passenger,5.0,16.0,100.0,1
TRN0033,STN119,01-09-2025 01:45,01-09-2025 01:55,9,free,clear,Passenger,5.0,16.0,100.0,1
TRN0034,STN039,01-09-2025 01:48,01-09-2025 02:02,20,free,clear,Passenger,5.0,16.0,100.0,1
TRN0035,STN050,01-09-2025 01:51,01-09-2025 02:05,19,occupied,clear,Passenger,5.0,16.0,100.0,1
TRN0036,STN013,01-09-2025 01:54,01-09-2025 02:06,12,free,clear,Passenger,5.0,16.0,100.0,1
TRN0037,STN051,01-09-2025 01:57,01-09-2025 02:13,24,free,rain,Passenger,5.0,16.0,100.0,1
TRN0038,STN030,01-09-2025 02:00,01-09-2025 02:16,26,occupied,clear,Passenger,5.0,16.0,100.0,1
TRN0039,STN099,01-09-2025 02:03,01-09-2025 02:15,11,free,clear,Passenger,5.0,16.0,100.0,1
TRN0040,STN049,01-09-2025 02:06,01-09-2025 02:21,23,free,storm,Passenger,5.0,16.0,100.0,1
TRN0041,STN001,01-09-2025 02:09,01-09-2025 02:20,9,free,clear,Express,3.0,22.0,120.0,1
TRN0042,STN024,01-09-2025 02:12,01-09-2025 02:28,21,free,clear,Express,3.0,22.0,120.0,1
TRN0043,STN012,01-09-2025 02:15,01-09-2025 02:25,7,occupied,clear,Superfast,2.0,22.0,130.0,1
TRN0044,STN038,01-09-2025 02:18,01-09-2025 02:31,16,free,rain,Superfast,2.0,22.0,130.0,1
TRN0045,STN074,01-09-2025 02:21,01-09-2025 02:37,25,free,clear,Express,3.0,22.0,120.0,1
TRN0046,STN064,01-09-2025 02:24,01-09-2025 02:36,10,free,clear,Express,3.0,22.0,120.0,1
TRN0047,STN101,01-09-2025 02:27,01-09-2025 02:38,8,free,fog,Superfast,2.0,22.0,130.0,1
TRN0048,STN079,01-09-2025 02:30,01-09-2025 02:46,24,free,clear,Superfast,2.0,22.0,130.0,1
TRN0049,STN108,01-09-2025 02:33,01-09-2025 02:43,6,occupied,clear,Superfast,2.0,22.0,130.0,1
TRN0050,STN039,01-09-2025 02:36,01-09-2025 02:51,19,free,rain,Superfast,2.0,22.0,130.0,1
TRN0051,STN119,01-09-2025 02:39,01-09-2025 02:50,9,free,clear,Superfast,1.0,16.0,130.0,1
TRN0052,STN105,01-09-2025 02:42,01-09-2025 02:58,26,free,clear,Superfast,1.0,16.0,130.0,1
TRN0053,STN076,01-09-2025 02:45,01-09-2025 02:57,12,free,clear,Superfast,1.0,16.0,130.0,1
TRN0054,STN103,01-09-2025 02:48,01-09-2025 03:00,10,occupied,clear,Superfast,1.0,16.0,130.0,1
TRN0055,STN033,01-09-2025 02:51,01-09-2025 03:07,24,free,storm,Superfast,1.0,16.0,130.0,1
TRN0056,STN077,01-09-2025 02:54,01-09-2025 03:08,19,free,clear,Superfast,1.0,16.0,130.0,1
TRN0057,STN054,01-09-2025 02:57,01-09-2025 03:11,18,free,clear,Superfast,1.0,16.0,130.0,1
TRN0058,STN077,01-09-2025 03:00,01-09-2025 03:12,15,free,clear,Superfast,1.0,16.0,130.0,1
TRN0059,STN083,01-09-2025 03:03,01-09-2025 03:12,6,free,fog,Superfast,1.0,16.0,130.0,1
TRN0060,STN124,01-09-2025 03:06,01-09-2025 03:18,12,free,clear,Superfast,1.0,16.0,130.0,1
TRN0061,STN096,01-09-2025 03:09,01-09-2025 03:23,21,free,clear,Superfast,1.0,16.0,160.0,1
TRN0062,STN021,01-09-2025 03:12,01-09-2025 03:26,20,occupied,clear,Superfast,1.0,16.0,160.0,1
TRN0063,STN107,01-09-2025 03:15,01-09-2025 03:27,12,free,clear,Superfast,1.0,16.0,160.0,1
TRN0064,STN089,01-09-2025 03:18,01-09-2025 03:31,19,free,clear,Superfast,1.0,16.0,160.0,1
TRN0065,STN009,01-09-2025 03:21,01-09-2025 03:33,12,free,clear,Superfast,1.0,16.0,160.0,1
TRN0066,STN087,01-09-2025 03:24,01-09-2025 03:35,9,free,clear,Superfast,1.0,16.0,160.0,1
TRN0067,STN043,01-09-2025 03:27,01-09-2025 03:41,22,occupied,clear,Superfast,1.0,22.0,140.0,1
TRN0068,STN082,01-09-2025 03:30,01-09-2025 03:44,21,free,clear,Superfast,1.0,22.0,140.0,1
TRN0069,STN088,01-09-2025 03:33,01-09-2025 03:45,12,free,rain,Superfast,1.0,22.0,140.0,1
TRN0070,STN074,01-09-2025 03:36,01-09-2025 03:47,9,occupied,clear,Superfast,1.0,22.0,140.0,1
TRN0071,STN092,01-09-2025 03:39,01-09-2025 03:53,21,free,storm,Superfast,2.0,22.0,130.0,1
TRN0072,STN051,01-09-2025 03:42,01-09-2025 03:58,26,free,clear,Superfast,2.0,22.0,130.0,1
TRN0073,STN106,01-09-2025 03:45,01-09-2025 03:56,9,free,clear,Superfast,2.0,22.0,130.0,1
TRN0074,STN016,01-09-2025 03:48,01-09-2025 04:02,20,free,clear,Superfast,2.0,22.0,130.0,1
TRN0075,STN041,01-09-2025 03:51,01-09-2025 04:05,20,occupied,rain,Superfast,2.0,22.0,130.0,1
TRN0076,STN089,01-09-2025 03:54,01-09-2025 04:06,12,free,clear,Superfast,2.0,22.0,130.0,1
TRN0077,STN046,01-09-2025 03:57,01-09-2025 04:13,24,free,clear,Express,3.0,22.0,120.0,1
TRN0078,STN063,01-09-2025 04:00,01-09-2025 04:14,22,free,clear,Express,3.0,22.0,120.0,1
TRN0079,STN095,01-09-2025 04:03,01-09-2025 04:15,10,occupied,clear,Express,3.0,22.0,120.0,1
TRN0080,STN004,01-09-2025 04:06,01-09-2025 04:20,21,free,clear,Express,3.0,22.0,120.0,1
TRN0081,STN022,01-09-2025 04:09,01-09-2025 04:23,21,free,clear,Express,3.0,22.0,120.0,1
TRN0082,STN066,01-09-2025 04:12,01-09-2025 04:24,10,free,clear,Express,3.0,22.0,120.0,1
TRN0083,STN106,01-09-2025 04:15,01-09-2025 04:29,22,free,clear,Passenger,4.0,18.0,110.0,1
TRN0084,STN095,01-09-2025 04:18,01-09-2025 04:28,8,free,rain,Passenger,4.0,18.0,110.0,1
TRN0085,STN057,01-09-2025 04:21,01-09-2025 04:37,24,occupied,clear,Express,3.0,22.0,120.0,1
TRN0086,STN111,01-09-2025 04:24,01-09-2025 04:38,22,free,clear,Express,3.0,22.0,120.0,1
TRN0087,STN104,01-09-2025 04:27,01-09-2025 04:40,17,free,clear,Express,2.0,22.0,120.0,1
TRN0088,STN091,01-09-2025 04:30,01-09-2025 04:42,12,free,clear,Express,2.0,22.0,120.0,1
TRN0089,STN116,01-09-2025 04:33,01-09-2025 04:49,24,free,clear,Superfast,2.0,20.0,130.0,1
TRN0090,STN111,01-09-2025 04:36,01-09-2025 04:47,11,free,clear,Superfast,2.0,20.0,130.0,1
TRN0091,STN105,01-09-2025 04:39,01-09-2025 04:55,24,occupied,clear,Superfast,1.0,16.0,130.0,1
TRN0092,STN052,01-09-2025 04:42,01-09-2025 04:58,26,free,clear,Superfast,1.0,16.0,130.0,1
TRN0093,STN089,01-09-2025 04:45,01-09-2025 04:57,10,free,clear,Passenger,5.0,16.0,100.0,1
TRN0094,STN106,01-09-2025 04:48,01-09-2025 05:02,20,free,rain,Passenger,5.0,16.0,100.0,1
TRN0095,STN064,01-09-2025 04:51,01-09-2025 05:03,10,occupied,clear,Passenger,5.0,16.0,100.0,1
TRN0096,STN110,01-09-2025 04:54,01-09-2025 05:10,24,free,clear,Passenger,5.0,16.0,100.0,1
TRN0097,STN004,01-09-2025 04:57,01-09-2025 05:13,26,free,clear,Passenger,5.0,16.0,100.0,1
TRN0098,STN104,01-09-2025 05:00,01-09-2025 05:12,10,free,clear,Passenger,5.0,16.0,100.0,1
TRN0099,STN084,01-09-2025 05:03,01-09-2025 05:17,22,free,clear,Passenger,5.0,16.0,100.0,1
TRN0100,STN051,01-09-2025 05:06,01-09-2025 05:18,12,free,clear,Passenger,5.0,16.0,100.0,1
TRN0101,STN091,01-09-2025 05:09,01-09-2025 05:20,9,free,clear,Passenger,5.0,16.0,100.0,1
TRN0102,STN073,01-09-2025 05:12,01-09-2025 05:28,24,occupied,fog,Passenger,5.0,16.0,100.0,1
TRN0103,STN095,01-09-2025 05:15,01-09-2025 05:29,22,free,clear,Passenger,5.0,16.0,100.0,1
TRN0104,STN041,01-09-2025 05:18,01-09-2025 05:30,10,free,clear,Passenger,5.0,16.0,100.0,1
TRN0105,STN009,01-09-2025 05:21,01-09-2025 05:37,24,free,clear,Express,3.0,22.0,120.0,1
TRN0106,STN090,01-09-2025 05:24,01-09-2025 05:40,24,occupied,rain,Express,3.0,22.0,120.0,1
TRN0107,STN115,01-09-2025 05:27,01-09-2025 05:41,21,free,clear,Express,3.0,22.0,120.0,1
TRN0108,STN048,01-09-2025 05:30,01-09-2025 05:44,21,free,clear,Express,3.0,22.0,120.0,1
TRN0109,STN077,01-09-2025 05:33,01-09-2025 05:49,24,free,clear,Superfast,2.0,16.0,130.0,1
TRN0110,STN067,01-09-2025 05:36,01-09-2025 05:50,22,free,clear,Superfast,2.0,16.0,130.0,1
TRN0111,STN064,01-09-2025 05:39,01-09-2025 05:53,21,free,clear,Superfast,2.0,22.0,130.0,1
TRN0112,STN114,01-09-2025 05:42,01-09-2025 05:56,21,free,clear,Superfast,2.0,22.0,130.0,1
TRN0113,STN047,01-09-2025 05:45,01-09-2025 05:59,21,free,clear,Passenger,5.0,16.0,100.0,1
TRN0114,STN002,01-09-2025 05:48,01-09-2025 06:02,21,free,rain,Passenger,5.0,16.0,100.0,1
TRN0115,STN065,01-09-2025 05:51,01-09-2025 06:03,10,free,clear,Express,3.0,22.0,120.0,1
TRN0116,STN071,01-09-2025 05:54,01-09-2025 06:10,24,occupied,clear,Express,3.0,22.0,120.0,1
TRN0117,STN125,01-09-2025 05:57,01-09-2025 06:09,10,free,clear,Passenger,5.0,16.0,100.0,1
TRN0118,STN115,01-09-2025 06:00,01-09-2025 06:14,22,free,clear,Passenger,5.0,16.0,100.0,1
TRN0119,STN059,01-09-2025 06:03,01-09-2025 06:19,24,occupied,clear,Passenger,5.0,16.0,100.0,1
TRN0120,STN002,01-09-2025 06:06,01-09-2025 06:22,26,free,clear,Passenger,5.0,16.0,100.0,1
TRN0121,STN067,01-09-2025 06:09,01-09-2025 06:21,10,free,clear,Passenger,5.0,16.0,100.0,1
TRN0122,STN099,01-09-2025 06:12,01-09-2025 06:24,10,free,clear,Passenger,5.0,16.0,100.0,1
TRN0123,STN092,01-09-2025 06:15,01-09-2025 06:31,24,free,clear,Passenger,5.0,16.0,100.0,1
TRN0124,STN110,01-09-2025 06:18,01-09-2025 06:34,24,occupied,clear,Passenger,5.0,16.0,100.0,1
TRN0125,STN087,01-09-2025 06:21,01-09-2025 06:33,10,free,clear,Passenger,5.0,16.0,100.0,1
TRN0126,STN032,01-09-2025 06:24,01-09-2025 06:36,10,free,clear,Passenger,5.0,16.0,100.0,1
TRN0127,STN120,01-09-2025 06:27,01-09-2025 06:43,24,free,clear,Passenger,5.0,16.0,100.0,1
TRN0128,STN035,01-09-2025 06:30,01-09-2025 06:44,21,free,clear,Passenger,5.0,16.0,100.0,1
TRN0129,STN029,01-09-2025 06:33,01-09-2025 06:47,21,free,storm,Superfast,2.0,20.0,130.0,1
TRN0130,STN116,01-09-2025 06:36,01-09-2025 06:48,10,occupied,clear,Superfast,2.0,20.0,130.0,1
TRN0131,STN026,01-09-2025 06:39,01-09-2025 06:55,24,free,clear,Superfast,2.0,22.0,130.0,1
TRN0132,STN125,01-09-2025 06:42,01-09-2025 06:54,10,under_maintenance,clear,Superfast,2.0,22.0,130.0,1
TRN0133,STN001,01-09-2025 06:45,01-09-2025 06:59,21,free,clear,Superfast,2.0,22.0,130.0,1
TRN0134,STN001,01-09-2025 06:48,01-09-2025 07:00,10,free,clear,Superfast,2.0,22.0,130.0,1
TRN0135,STN031,01-09-2025 06:51,01-09-2025 07:03,10,free,clear,Express,3.0,22.0,120.0,1
TRN0136,STN118,01-09-2025 06:54,01-09-2025 07:08,22,free,clear,Express,3.0,22.0,120.0,1
TRN0137,STN013,01-09-2025 06:57,01-09-2025 07:13,24,free,clear,Express,3.0,22.0,120.0,1
TRN0138,STN056,01-09-2025 07:00,01-09-2025 07:12,10,free,clear,Express,3.0,22.0,120.0,1
TRN0139,STN090,01-09-2025 07:03,01-09-2025 07:19,24,free,clear,Passenger,5.0,16.0,100.0,1
TRN0140,STN018,01-09-2025 07:06,01-09-2025 07:20,21,occupied,clear,Passenger,5.0,16.0,100.0,1
TRN0141,STN053,01-09-2025 07:09,01-09-2025 07:21,10,free,rain,Passenger,5.0,16.0,100.0,1
TRN0142,STN012,01-09-2025 07:12,01-09-2025 07:28,24,free,clear,Passenger,5.0,16.0,100.0,1
TRN0143,STN019,01-09-2025 07:15,01-09-2025 07:28,11,free,clear,Passenger,5.0,16.0,100.0,1
TRN0144,STN105,01-09-2025 07:18,01-09-2025 07:34,24,free,fog,Passenger,5.0,16.0,100.0,1
TRN0145,STN013,01-09-2025 07:21,01-09-2025 07:33,10,occupied,clear,Passenger,5.0,16.0,100.0,1
TRN0146,STN026,01-09-2025 07:24,01-09-2025 07:40,24,free,clear,Passenger,5.0,16.0,100.0,1
TRN0147,STN076,01-09-2025 07:27,01-09-2025 07:41,21,free,clear,Passenger,5.0,16.0,100.0,1
TRN0148,STN012,01-09-2025 07:30,01-09-2025 07:44,21,free,clear,Passenger,5.0,16.0,100.0,1
TRN0149,STN039,01-09-2025 07:33,01-09-2025 07:45,10,free,clear,Passenger,5.0,16.0,100.0,1
TRN0150,STN088,01-09-2025 07:36,01-09-2025 07:50,21,free,clear,Passenger,5.0,16.0,100.0,1
TRN0151,STN036,01-09-2025 07:39,01-09-2025 07:53,21,free,clear,Superfast,1.0,16.0,130.0,1
TRN0152,STN064,01-09-2025 07:42,01-09-2025 07:58,24,free,clear,Superfast,1.0,16.0,130.0,1
TRN0153,STN026,01-09-2025 07:45,01-09-2025 07:59,21,occupied,clear,Superfast,1.0,16.0,160.0,1
TRN0154,STN062,01-09-2025 07:48,01-09-2025 08:02,21,free,clear,Superfast,1.0,16.0,160.0,1
TRN0155,STN024,01-09-2025 07:51,01-09-2025 08:05,21,free,clear,Superfast,1.0,16.0,160.0,1
TRN0156,STN110,01-09-2025 07:54,01-09-2025 08:06,10,occupied,rain,Superfast,1.0,16.0,160.0,1
TRN0157,STN001,01-09-2025 07:57,01-09-2025 08:13,24,free,clear,Superfast,1.0,22.0,140.0,1
TRN0158,STN074,01-09-2025 08:00,01-09-2025 08:16,24,free,clear,Superfast,1.0,22.0,140.0,1
TRN0159,STN104,01-09-2025 08:03,01-09-2025 08:17,21,free,clear,Superfast,1.0,22.0,140.0,1
TRN0160,STN073,01-09-2025 08:06,01-09-2025 08:20,21,free,clear,Superfast,1.0,22.0,140.0,1
TRN0161,STN012,01-09-2025 08:09,01-09-2025 08:21,10,free,clear,Superfast,2.0,22.0,130.0,1
TRN0162,STN043,01-09-2025 08:12,01-09-2025 08:24,10,free,clear,Superfast,2.0,22.0,130.0,1
TRN0163,STN003,01-09-2025 08:15,01-09-2025 08:27,10,free,clear,Superfast,2.0,22.0,130.0,1
TRN0164,STN048,01-09-2025 08:18,01-09-2025 08:34,24,free,clear,Superfast,2.0,22.0,130.0,1
TRN0165,STN018,01-09-2025 08:21,01-09-2025 08:35,21,free,clear,Superfast,1.0,16.0,130.0,1
TRN0166,STN089,01-09-2025 08:24,01-09-2025 08:38,21,free,clear,Superfast,1.0,16.0,130.0,1
TRN0167,STN040,01-09-2025 08:27,01-09-2025 08:41,21,free,clear,Express,2.0,22.0,120.0,1
TRN0168,STN109,01-09-2025 08:30,01-09-2025 08:42,10,free,clear,Express,2.0,22.0,120.0,1
TRN0169,STN082,01-09-2025 08:33,01-09-2025 08:47,21,free,clear,Express,2.0,22.0,120.0,1
TRN0170,STN045,01-09-2025 08:36,01-09-2025 08:50,21,free,clear,Express,2.0,22.0,120.0,1
TRN0171,STN002,01-09-2025 08:39,01-09-2025 08:55,24,free,clear,Superfast,2.0,22.0,130.0,1
TRN0172,STN093,01-09-2025 08:42,01-09-2025 08:54,10,free,clear,Superfast,2.0,22.0,130.0,1
TRN0173,STN077,01-09-2025 08:45,01-09-2025 08:59,21,free,clear,Superfast,2.0,22.0,130.0,1
TRN0174,STN084,01-09-2025 08:48,01-09-2025 09:02,21,free,clear,Superfast,2.0,22.0,130.0,1
TRN0175,STN003,01-09-2025 08:51,01-09-2025 09:03,10,occupied,storm,Express,3.0,22.0,120.0,1
TRN0176,STN094,01-09-2025 08:54,01-09-2025 09:10,24,free,clear,Express,3.0,22.0,120.0,1
TRN0177,STN091,01-09-2025 08:57,01-09-2025 09:09,10,free,clear,Express,3.0,22.0,120.0,1
TRN0178,STN007,01-09-2025 09:00,01-09-2025 09:12,10,free,clear,Express,3.0,22.0,120.0,1
TRN0179,STN034,01-09-2025 09:03,01-09-2025 09:19,24,free,clear,Express,2.0,22.0,120.0,1
TRN0180,STN071,01-09-2025 09:06,01-09-2025 09:22,24,occupied,clear,Express,2.0,22.0,120.0,1
TRN0181,STN038,01-09-2025 09:09,01-09-2025 09:23,21,free,clear,Express,3.0,22.0,120.0,1
TRN0182,STN011,01-09-2025 09:12,01-09-2025 09:24,10,free,clear,Express,3.0,22.0,120.0,1
TRN0183,STN012,01-09-2025 09:15,01-09-2025 09:31,24,occupied,clear,Passenger,5.0,16.0,100.0,1
TRN0184,STN024,01-09-2025 09:18,01-09-2025 09:30,10,free,clear,Passenger,5.0,16.0,100.0,1
TRN0185,STN073,01-09-2025 09:21,01-09-2025 09:37,24,free,clear,Passenger,5.0,16.0,100.0,1
TRN0186,STN053,01-09-2025 09:24,01-09-2025 09:40,24,free,clear,Passenger,5.0,16.0,100.0,1
TRN0187,STN124,01-09-2025 09:27,01-09-2025 09:41,21,free,clear,Passenger,5.0,16.0,100.0,1
TRN0188,STN116,01-09-2025 09:30,01-09-2025 09:44,21,free,clear,Passenger,5.0,16.0,100.0,1
TRN0189,STN097,01-09-2025 09:33,01-09-2025 09:49,24,free,clear,Passenger,5.0,16.0,100.0,1
TRN0190,STN105,01-09-2025 09:36,01-09-2025 09:48,10,free,clear,Passenger,5.0,16.0,100.0,1
TRN0191,STN071,01-09-2025 09:39,01-09-2025 09:55,24,free,clear,Passenger,5.0,16.0,100.0,1
TRN0192,STN050,01-09-2025 09:42,01-09-2025 09:58,24,occupied,clear,Passenger,5.0,16.0,100.0,1
TRN0193,STN069,01-09-2025 09:45,01-09-2025 09:57,10,free,clear,Passenger,5.0,16.0,100.0,1
TRN0194,STN086,01-09-2025 09:48,01-09-2025 10:00,10,free,clear,Passenger,5.0,16.0,100.0,1
TRN0195,STN113,01-09-2025 09:51,01-09-2025 10:03,10,free,clear,Passenger,5.0,16.0,100.0,1
TRN0196,STN061,01-09-2025 09:54,01-09-2025 10:10,24,free,clear,Passenger,5.0,16.0,100.0,1
TRN0197,STN005,01-09-2025 09:57,01-09-2025 10:09,10,free,clear,Passenger,5.0,16.0,100.0,1
TRN0198,STN115,01-09-2025 10:00,01-09-2025 10:12,10,free,fog,Passenger,5.0,16.0,100.0,1
TRN0199,STN007,01-09-2025 10:03,01-09-2025 10:19,24,free,clear,Passenger,5.0,16.0,100.0,1
TRN0200,STN100,01-09-2025 10:06,01-09-2025 10:18,10,free,clear ,Passenger,5.0,16.0,100.0,1
TRN0201,STN159,01-09-2025 10:09,01-09-2025 10:25,24,free,clear,Superfast,2.0,22.0,130.0,1
TRN0202,STN171,01-09-2025 10:12,01-09-2025 10:24,10,occupied,clear,Superfast,2.0,22.0,130.0,1
TRN0203,STN103,01-09-2025 10:15,01-09-2025 10:29,21,free,rain,Superfast,1.0,16.0,130.0,1
TRN0204,STN041,01-09-2025 10:18,01-09-2025 10:34,24,free,clear,Superfast,1.0,16.0,130.0,1
TRN0205,STN036,01-09-2025 10:21,01-09-2025 10:33,10,free,clear,Express,2.0,22.0,120.0,1
TRN0206,STN031,01-09-2025 10:24,01-09-2025 10:36,10,occupied,clear,Express,2.0,22.0,120.0,1
TRN0207,STN071,01-09-2025 10:27,01-09-2025 10:43,24,free,clear,Express,2.0,22.0,120.0,1
TRN0208,STN008,01-09-2025 10:30,01-09-2025 10:44,21,free,clear,Express,2.0,22.0,120.0,1
TRN0209,STN082,01-09-2025 10:33,01-09-2025 10:45,10,free,clear,Passenger,5.0,16.0,100.0,1
TRN0210,STN061,01-09-2025 10:36,01-09-2025 10:52,24,free,clear,Passenger,5.0,16.0,100.0,1
TRN0211,STN033,01-09-2025 10:39,01-09-2025 10:51,10,occupied,clear,Passenger,5.0,16.0,100.0,1
TRN0212,STN118,01-09-2025 10:42,01-09-2025 10:58,24,free,clear,Passenger,5.0,16.0,100.0,1
TRN0213,STN051,01-09-2025 10:45,01-09-2025 10:57,10,free,clear,Passenger,5.0,16.0,100.0,1
TRN0214,STN077,01-09-2025 10:48,01-09-2025 11:02,21,free,clear,Passenger,5.0,16.0,100.0,1
TRN0215,STN044,01-09-2025 10:51,01-09-2025 11:05,21,occupied,clear,Passenger,5.0,16.0,100.0,1
TRN0216,STN020,01-09-2025 10:54,01-09-2025 11:08,21,free,clear,Passenger,5.0,16.0,100.0,1
TRN0217,STN093,01-09-2025 10:57,01-09-2025 11:13,24,free,clear,Passenger,5.0,16.0,100.0,1
TRN0218,STN050,01-09-2025 11:00,01-09-2025 11:12,10,free,clear,Passenger,5.0,16.0,100.0,1
TRN0219,STN082,01-09-2025 11:03,01-09-2025 11:19,24,free,clear,Passenger,5.0,16.0,100.0,1
TRN0220,STN047,01-09-2025 11:06,01-09-2025 11:20,21,free,fog,Passenger,5.0,16.0,100.0,1
TRN0221,STN017,01-09-2025 11:09,01-09-2025 11:25,24,occupied,clear,Passenger,5.0,16.0,100.0,1
TRN0222,STN001,01-09-2025 11:12,01-09-2025 11:26,21,free,clear,Passenger,5.0,16.0,100.0,1
TRN0223,STN081,01-09-2025 11:15,01-09-2025 11:27,10,free,clear,Passenger,5.0,16.0,100.0,1
TRN0224,STN017,01-09-2025 11:18,01-09-2025 11:34,24,free,clear,Passenger,5.0,16.0,100.0,1
TRN0225,STN077,01-09-2025 11:21,01-09-2025 11:35,21,free,clear,Passenger,5.0,16.0,100.0,1
TRN0226,STN029,01-09-2025 11:24,01-09-2025 11:36,10,occupied,clear,Passenger,5.0,16.0,100.0,1
TRN0227,STN029,01-09-2025 11:27,01-09-2025 11:43,24,free,clear,Passenger,5.0,16.0,100.0,1
TRN0228,STN077,01-09-2025 11:30,01-09-2025 11:44,21,free,clear,Passenger,5.0,16.0,100.0,1
TRN0229,STN029,01-09-2025 11:33,01-09-2025 11:49,24,free,clear,Superfast,2.0,22.0,130.0,1
TRN0230,STN077,01-09-2025 11:36,01-09-2025 11:48,10,free,rain,Superfast,2.0,22.0,130.0,1
TRN0231,STN057,01-09-2025 11:39,01-09-2025 11:55,24,free,clear,Superfast,2.0,22.0,130.0,1
TRN0232,STN017,01-09-2025 11:42,01-09-2025 11:54,10,occupied,clear,Superfast,2.0,22.0,130.0,1
TRN0233,STN030,01-09-2025 11:45,01-09-2025 12:01,24,free,clear,Express,3.0,22.0,120.0,1
TRN0234,STN017,01-09-2025 11:48,01-09-2025 12:00,10,free,clear,Express,3.0,22.0,120.0,1
TRN0235,STN066,01-09-2025 11:51,01-09-2025 12:03,10,free,clear,Superfast,2.0,22.0,130.0,1
TRN0236,STN023,01-09-2025 11:54,01-09-2025 12:10,24,free,clear,Superfast,2.0,22.0,130.0,1
TRN0237,STN111,01-09-2025 11:57,01-09-2025 12:11,21,occupied,clear,Superfast,2.0,22.0,130.0,1
TRN0238,STN064,01-09-2025 12:00,01-09-2025 12:12,10,free,clear,Superfast,2.0,22.0,130.0,1
TRN0239,STN023,01-09-2025 12:03,01-09-2025 12:19,24,free,clear,Superfast,2.0,22.0,130.0,1
TRN0240,STN020,01-09-2025 12:06,01-09-2025 12:22,26,free,rain,Superfast,2.0,22.0,130.0,1
TRN0241,STN026,01-09-2025 12:09,01-09-2025 12:21,10,free,clear,Superfast,1.0,16.0,160.0,1
TRN0242,STN029,01-09-2025 12:12,01-09-2025 12:24,10,occupied,clear,Superfast,1.0,16.0,160.0,1
TRN0243,STN001,01-09-2025 12:15,01-09-2025 12:31,24,free,clear,Superfast,2.0,22.0,130.0,1
TRN0244,STN069,01-09-2025 12:18,01-09-2025 12:34,24,free,clear,Superfast,2.0,22.0,130.0,1
TRN0245,STN001,01-09-2025 12:21,01-09-2025 12:33,10,free,clear,Express,3.0,22.0,120.0,1
TRN0246,STN069,01-09-2025 12:24,01-09-2025 12:36,10,free,clear,Express,3.0,22.0,120.0,1
TRN0247,STN001,01-09-2025 12:27,01-09-2025 12:43,24,occupied,clear,Express,3.0,22.0,120.0,1
TRN0248,STN050,01-09-2025 12:30,01-09-2025 12:46,24,free,clear,Express,3.0,22.0,120.0,1
TRN0249,STN038,01-09-2025 12:33,01-09-2025 12:45,10,free,clear,Superfast,2.0,16.0,130.0,1
TRN0250,STN036,01-09-2025 12:36,01-09-2025 12:52,24,free,clear,Superfast,2.0,16.0,130.0,1
TRN0251,STN034,01-09-2025 12:39,01-09-2025 12:53,21,free,rain,Superfast,1.0,16.0,130.0,1
TRN0252,STN044,01-09-2025 12:42,01-09-2025 12:58,24,free,clear,Superfast,1.0,16.0,130.0,1
TRN0253,STN013,01-09-2025 12:45,01-09-2025 12:57,10,occupied,clear,Superfast,1.0,16.0,130.0,1
TRN0254,STN011,01-09-2025 12:48,01-09-2025 13:00,10,free,clear,Superfast,1.0,16.0,130.0,1
TRN0255,STN012,01-09-2025 12:51,01-09-2025 13:03,10,free,clear,Superfast,1.0,16.0,130.0,1
TRN0256,STN014,01-09-2025 12:54,01-09-2025 13:06,10,free,clear,Superfast,1.0,16.0,130.0,1
TRN0257,STN029,01-09-2025 12:57,01-09-2025 13:13,24,free,clear,Superfast,1.0,16.0,130.0,1
TRN0258,STN082,01-09-2025 13:00,01-09-2025 13:12,10,free,clear,Superfast,1.0,16.0,130.0,1
TRN0259,STN029,01-09-2025 13:03,01-09-2025 13:19,24,free,clear,Superfast,1.0,16.0,130.0,1
TRN0260,STN091,01-09-2025 13:06,01-09-2025 13:18,10,occupied,clear,Superfast,1.0,16.0,130.0,1
TRN0261,STN005,01-09-2025 13:09,01-09-2025 13:25,24,free,clear,Superfast,1.0,22.0,140.0,1
TRN0262,STN096,01-09-2025 13:12,01-09-2025 13:24,10,free,clear,Superfast,1.0,22.0,140.0,1
TRN0263,STN052,01-09-2025 13:15,01-09-2025 13:31,24,free,clear,Superfast,1.0,16.0,160.0,1
TRN0264,STN005,01-09-2025 13:18,01-09-2025 13:30,10,free,clear,Superfast,1.0,16.0,160.0,1
TRN0265,STN067,01-09-2025 13:21,01-09-2025 13:37,24,free,clear,Superfast,1.0,16.0,160.0,1
TRN0266,STN082,01-09-2025 13:24,01-09-2025 13:36,10,free,clear,Superfast,1.0,16.0,160.0,1
TRN0267,STN082,01-09-2025 13:27,01-09-2025 13:43,24,free,clear,Superfast,1.0,16.0,160.0,1
TRN0268,STN041,01-09-2025 13:30,01-09-2025 13:42,10,occupied,clear,Superfast,1.0,16.0,160.0,1
TRN0269,STN081,01-09-2025 13:33,01-09-2025 13:49,24,free,clear,Express,2.0,22.0,120.0,1
TRN0270,STN026,01-09-2025 13:36,01-09-2025 13:52,24,free,clear,Express,2.0,22.0,120.0,1
TRN0271,STN082,01-09-2025 13:39,01-09-2025 13:51,10,free,clear,Express,3.0,22.0,120.0,1
TRN0272,STN087,01-09-2025 13:42,01-09-2025 13:58,24,free,clear,Express,3.0,22.0,120.0,1
TRN0273,STN041,01-09-2025 13:45,01-09-2025 13:57,10,free,clear,Express,2.0,22.0,120.0,1
TRN0274,STN017,01-09-2025 13:48,01-09-2025 14:04,24,free,clear,Express,2.0,22.0,120.0,1
TRN0275,STN017,01-09-2025 13:51,01-09-2025 14:03,10,occupied,clear,Express,3.0,22.0,120.0,1
TRN0276,STN001,01-09-2025 13:54,01-09-2025 14:06,10,free,clear,Express,3.0,22.0,120.0,1
TRN0277,STN071,01-09-2025 13:57,01-09-2025 14:13,24,free,clear,Superfast,2.0,22.0,130.0,1
TRN0278,STN071,01-09-2025 14:00,01-09-2025 14:12,10,free,clear,Superfast,2.0,22.0,130.0,1
TRN0279,STN001,01-09-2025 14:03,01-09-2025 14:19,24,free,clear,Passenger,5.0,16.0,100.0,1
TRN0280,STN004,01-09-2025 14:06,01-09-2025 14:20,21,free,clear,Passenger,5.0,16.0,100.0,1
TRN0281,STN001,01-09-2025 14:09,01-09-2025 14:21,10,occupied,clear,Passenger,5.0,16.0,100.0,1
TRN0282,STN041,01-09-2025 14:12,01-09-2025 14:24,10,free,clear,Passenger,5.0,16.0,100.0,1
TRN0283,STN043,01-09-2025 14:15,01-09-2025 14:31,24,free,clear,Passenger,5.0,16.0,100.0,1
TRN0284,STN041,01-09-2025 14:18,01-09-2025 14:30,10,free,clear,Passenger,5.0,16.0,100.0,1
TRN0285,STN029,01-09-2025 14:21,01-09-2025 14:37,24,free,clear,Passenger,5.0,16.0,100.0,1
TRN0286,STN077,01-09-2025 14:24,01-09-2025 14:36,10,free,clear,Passenger,5.0,16.0,100.0,1
TRN0287,STN029,01-09-2025 14:27,01-09-2025 14:39,10,occupied,clear,Passenger,5.0,16.0,100.0,1
TRN0288,STN041,01-09-2025 14:30,01-09-2025 14:46,24,free,clear,Passenger,5.0,16.0,100.0,1
TRN0289,STN041,01-09-2025 14:33,01-09-2025 14:47,21,free,clear,Passenger,5.0,16.0,100.0,1
TRN0290,STN043,01-09-2025 14:36,01-09-2025 14:52,24,free,clear,Passenger,5.0,16.0,100.0,1
TRN0291,STN001,01-09-2025 14:39,01-09-2025 14:51,10,free,clear,Passenger,5.0,16.0,100.0,1
TRN0292,STN050,01-09-2025 14:42,01-09-2025 14:54,10,free,clear,Passenger,5.0,16.0,100.0,1
TRN0293,STN013,01-09-2025 14:45,01-09-2025 15:01,24,free,clear,Passenger,5.0,16.0,100.0,1
TRN0294,STN012,01-09-2025 14:48,01-09-2025 15:00,10,occupied,clear,Passenger,5.0,16.0,100.0,1
TRN0295,STN066,01-09-2025 14:51,01-09-2025 15:07,24,free,clear,Passenger,5.0,16.0,100.0,1
TRN0296,STN096,01-09-2025 14:54,01-09-2025 15:06,10,free,clear,Passenger,5.0,16.0,100.0,1
TRN0297,STN012,01-09-2025 14:57,01-09-2025 15:13,24,free,clear,Passenger,5.0,16.0,100.0,1
TRN0298,STN077,01-09-2025 15:00,01-09-2025 15:12,10,free,clear,Passenger,5.0,16.0,100.0,1
TRN0299,STN013,01-09-2025 15:03,01-09-2025 15:19,24,free,clear,Passenger,5.0,16.0,100.0,1
TRN0300,STN077,01-09-2025 15:06,01-09-2025 15:18,10,free,clear,Passenger,5.0,16.0,100.0,1
TRN0301,STN029,01-09-2025 15:09,01-09-2025 15:25,24,free,clear,Superfast,2.0,22.0,130.0,1
TRN0302,STN057,01-09-2025 15:12,01-09-2025 15:24,10,occupied,clear,Superfast,2.0,22.0,130.0,1
TRN0303,STN093,01-09-2025 15:15,01-09-2025 15:27,10,free,clear,Superfast,2.0,22.0,130.0,1
TRN0304,STN034,01-09-2025 15:18,01-09-2025 15:34,24,free,clear,Superfast,2.0,22.0,130.0,1
TRN0305,STN026,01-09-2025 15:21,01-09-2025 15:33,10,free,clear,Superfast,2.0,22.0,130.0,1
TRN0306,STN001,01-09-2025 15:24,01-09-2025 15:36,10,free,clear,Superfast,2.0,22.0,130.0,1
TRN0307,STN071,01-09-2025 15:27,01-09-2025 15:43,24,free,clear,Superfast,2.0,22.0,130.0,1
TRN0308,STN071,01-09-2025 15:30,01-09-2025 15:44,21,free,clear,Superfast,2.0,22.0,130.0,1
TRN0309,STN030,01-09-2025 15:33,01-09-2025 15:49,24,free,clear,Express,2.0,22.0,120.0,1
TRN0310,STN030,01-09-2025 15:36,01-09-2025 15:48,10,occupied,clear,Express,2.0,22.0,120.0,1
TRN0311,STN029,01-09-2025 15:39,01-09-2025 15:55,24,free,clear,Express,3.0,22.0,120.0,1
TRN0312,STN029,01-09-2025 15:42,01-09-2025 15:54,10,free,clear,Express,3.0,22.0,120.0,1
TRN0313,STN012,01-09-2025 15:45,01-09-2025 16:01,24,free,clear,Passenger,5.0,16.0,100.0,1
TRN0314,STN012,01-09-2025 15:48,01-09-2025 16:00,10,free,clear,Passenger,5.0,16.0,100.0,1
TRN0315,STN041,01-09-2025 15:51,01-09-2025 16:07,24,free,clear,Passenger,5.0,16.0,100.0,1
TRN0316,STN041,01-09-2025 15:54,01-09-2025 16:06,10,free,clear,Passenger,5.0,16.0,100.0,1
TRN0317,STN041,01-09-2025 15:57,01-09-2025 16:13,24,free,clear,Passenger,5.0,16.0,100.0,1
TRN0318,STN041,01-09-2025 16:00,01-09-2025 16:12,10,occupied,clear,Passenger,5.0,16.0,100.0,1
TRN0319,STN082,01-09-2025 16:03,01-09-2025 16:19,24,free,clear,Passenger,5.0,16.0,100.0,1
TRN0320,STN082,01-09-2025 16:06,01-09-2025 16:18,10,free,clear,Passenger,5.0,16.0,100.0,1
TRN0321,STN041,01-09-2025 16:09,01-09-2025 16:25,24,free,clear,Passenger,5.0,16.0,100.0,1
TRN0322,STN081,01-09-2025 16:12,01-09-2025 16:24,10,free,clear,Passenger,5.0,16.0,100.0,1
TRN0323,STN051,01-09-2025 16:15,01-09-2025 16:31,24,free,clear,Passenger,5.0,16.0,100.0,1
TRN0324,STN060,01-09-2025 16:18,01-09-2025 16:30,10,free,clear,Passenger,5.0,16.0,100.0,1
TRN0325,STN034,01-09-2025 16:21,01-09-2025 16:37,24,free,clear,Passenger,5.0,16.0,100.0,1
TRN0326,STN081,01-09-2025 16:24,01-09-2025 16:36,10,occupied,clear,Passenger,5.0,16.0,100.0,1
TRN0327,STN082,01-09-2025 16:27,01-09-2025 16:43,24,free,clear,Passenger,5.0,16.0,100.0,1
TRN0328,STN041,01-09-2025 16:30,01-09-2025 16:42,10,free,clear,Passenger,5.0,16.0,100.0,1
TRN0329,STN082,01-09-2025 16:33,01-09-2025 16:49,24,free,clear,Passenger,5.0,16.0,100.0,1
TRN0330,STN041,01-09-2025 16:36,01-09-2025 16:48,10,free,clear,Passenger,5.0,16.0,100.0,1
TRN0331,STN021,01-09-2025 16:39,01-09-2025 16:55,24,free,clear,Passenger,5.0,16.0,100.0,1
TRN0332,STN021,01-09-2025 16:42,01-09-2025 16:54,10,free,clear,Passenger,5.0,16.0,100.0,1
TRN0333,STN029,01-09-2025 16:45,01-09-2025 17:01,24,free,clear,Passenger,5.0,16.0,100.0,1
TRN0334,STN029,01-09-2025 16:48,01-09-2025 17:00,10,occupied,clear,Passenger,5.0,16.0,100.0,1
TRN0335,STN066,01-09-2025 16:51,01-09-2025 17:07,24,free,clear,Passenger,5.0,16.0,100.0,1
TRN0336,STN066,01-09-2025 16:54,01-09-2025 17:06,10,free,clear,Passenger,5.0,16.0,100.0,1
TRN0337,STN052,01-09-2025 16:57,01-09-2025 17:13,24,free,clear,Passenger,5.0,16.0,100.0,1
TRN0338,STN056,01-09-2025 17:00,01-09-2025 17:12,10,free,clear,Passenger,5.0,16.0,100.0,1
TRN0339,STN077,01-09-2025 17:03,01-09-2025 17:19,24,free,clear,Passenger,5.0,16.0,100.0,1
TRN0340,STN080,01-09-2025 17:06,01-09-2025 17:18,10,free,clear,Passenger,5.0,16.0,100.0,1
TRN0341,STN041,01-09-2025 17:09,01-09-2025 17:25,24,free,clear,Passenger,5.0,16.0,100.0,1
TRN0342,STN041,01-09-2025 17:12,01-09-2025 17:24,10,occupied,clear,Passenger,5.0,16.0,100.0,1
TRN0343,STN017,01-09-2025 17:15,01-09-2025 17:31,24,free,clear,Passenger,5.0,16.0,100.0,1
TRN0344,STN001,01-09-2025 17:18,01-09-2025 17:30,10,free,clear,Passenger,5.0,16.0,100.0,1
TRN0345,STN081,01-09-2025 17:21,01-09-2025 17:37,24,free,clear,Passenger,5.0,16.0,100.0,1
TRN0346,STN044,01-09-2025 17:24,01-09-2025 17:36,10,free,clear,Passenger,5.0,16.0,100.0,1
TRN0347,STN077,01-09-2025 17:27,01-09-2025 17:43,24,free,clear,Passenger,5.0,16.0,100.0,1
TRN0348,STN029,01-09-2025 17:30,01-09-2025 17:42,10,occupied,clear,Passenger,5.0,16.0,100.0,1
TRN0349,STN034,01-09-2025 17:33,01-09-2025 17:49,24,free,clear,Passenger,5.0,16.0,100.0,1
TRN0350,STN029,01-09-2025 17:36,01-09-2025 17:48,10,free,clear,Passenger,5.0,16.0,100.0,1
TRN0351,STN092,01-09-2025 17:39,01-09-2025 17:55,24,free,clear,Superfast,1.0,16.0,130.0,1
TRN0352,STN026,01-09-2025 17:42,01-09-2025 17:54,10,free,clear,Superfast,1.0,16.0,130.0,1
TRN0353,STN012,01-09-2025 17:45,01-09-2025 18:01,24,free,clear,Superfast,1.0,16.0,130.0,1
TRN0354,STN087,01-09-2025 17:48,01-09-2025 18:00,10,free,clear,Superfast,1.0,16.0,130.0,1
TRN0355,STN001,01-09-2025 17:51,01-09-2025 18:07,24,free,clear,Superfast,1.0,22.0,140.0,1
TRN0356,STN019,01-09-2025 17:54,01-09-2025 18:06,10,occupied,clear,Superfast,1.0,22.0,140.0,1
TRN0357,STN061,01-09-2025 17:57,01-09-2025 18:13,24,free,clear,Superfast,2.0,20.0,130.0,1
TRN0358,STN063,01-09-2025 18:00,01-09-2025 18:12,10,free,clear,Superfast,2.0,20.0,130.0,1
TRN0359,STN091,01-09-2025 18:03,01-09-2025 18:19,24,free,clear,Superfast,1.0,20.0,140.0,1
TRN0360,STN017,01-09-2025 18:06,01-09-2025 18:18,10,free,clear,Superfast,1.0,20.0,140.0,1
TRN0361,STN071,01-09-2025 18:09,01-09-2025 18:25,24,free,clear,Superfast,2.0,22.0,130.0,1
TRN0362,STN074,01-09-2025 18:12,01-09-2025 18:24,10,occupied,clear,Superfast,2.0,22.0,130.0,1
TRN0363,STN041,01-09-2025 18:15,01-09-2025 18:31,24,free,clear,Express,3.0,22.0,120.0,1
TRN0364,STN017,01-09-2025 18:18,01-09-2025 18:30,10,free,clear,Express,3.0,22.0,120.0,1
TRN0365,STN013,01-09-2025 18:21,01-09-2025 18:37,24,free,clear,Express,2.0,22.0,120.0,1
TRN0366,STN034,01-09-2025 18:24,01-09-2025 18:36,10,free,clear,Express,2.0,22.0,120.0,1
TRN0367,STN029,01-09-2025 18:27,01-09-2025 18:43,24,free,clear,Express,2.0,22.0,120.0,1
TRN0368,STN001,01-09-2025 18:30,01-09-2025 18:42,10,occupied,clear,Express,2.0,22.0,120.0,1
TRN0369,STN029,01-09-2025 18:33,01-09-2025 18:49,24,free,clear,Superfast,2.0,22.0,130.0,1
TRN0370,STN017,01-09-2025 18:36,01-09-2025 18:48,10,free,clear,Superfast,2.0,22.0,130.0,1
TRN0371,STN102,01-09-2025 18:39,01-09-2025 18:55,24,free,clear,Passenger,5.0,16.0,100.0,1
TRN0372,STN001,01-09-2025 18:42,01-09-2025 18:54,10,free,clear,Passenger,5.0,16.0,100.0,1
TRN0373,STN055,01-09-2025 18:45,01-09-2025 19:01,24,free,clear,Passenger,5.0,16.0,100.0,1
TRN0374,STN001,01-09-2025 18:48,01-09-2025 19:00,10,occupied,clear,Passenger,5.0,16.0,100.0,1
TRN0375,STN026,01-09-2025 18:51,01-09-2025 19:03,10,free,clear,Passenger,5.0,16.0,100.0,1
TRN0376,STN001,01-09-2025 18:54,01-09-2025 19:10,24,free,clear,Passenger,5.0,16.0,100.0,1
TRN0377,STN057,01-09-2025 18:57,01-09-2025 19:09,10,free,clear,Passenger,5.0,16.0,100.0,1
TRN0378,STN057,01-09-2025 19:00,01-09-2025 19:16,24,free,clear,Passenger,5.0,16.0,100.0,1
TRN0379,STN030,01-09-2025 19:03,01-09-2025 19:15,10,free,clear,Passenger,5.0,16.0,100.0,1
TRN0380,STN041,01-09-2025 19:06,01-09-2025 19:22,24,free,clear,Passenger,5.0,16.0,100.0,1
TRN0381,STN020,01-09-2025 19:09,01-09-2025 19:21,10,occupied,clear,Passenger,5.0,16.0,100.0,1
TRN0382,STN051,01-09-2025 19:12,01-09-2025 19:24,10,free,clear,Passenger,5.0,16.0,100.0,1
TRN0383,STN029,01-09-2025 19:15,01-09-2025 19:31,24,free,clear,Passenger,5.0,16.0,100.0,1
TRN0384,STN029,01-09-2025 19:18,01-09-2025 19:30,10,free,clear,Passenger,5.0,16.0,100.0,1
TRN0385,STN030,01-09-2025 19:21,01-09-2025 19:37,24,free,clear,Passenger,5.0,16.0,100.0,1
TRN0386,STN081,01-09-2025 19:24,01-09-2025 19:36,10,free,clear,Passenger,5.0,16.0,100.0,1
TRN0387,STN081,01-09-2025 19:27,01-09-2025 19:43,24,free,clear,Passenger,5.0,16.0,100.0,1
TRN0388,STN034,01-09-2025 19:30,01-09-2025 19:42,10,occupied,clear,Passenger,5.0,16.0,100.0,1
TRN0389,STN068,01-09-2025 19:33,01-09-2025 19:49,24,free,clear,Passenger,5.0,16.0,100.0,1
TRN0390,STN068,01-09-2025 19:36,01-09-2025 19:48,10,free,clear,Passenger,5.0,16.0,100.0,1
TRN0391,STN093,01-09-2025 19:39,01-09-2025 19:55,24,free,clear,Passenger,5.0,16.0,100.0,1
TRN0392,STN029,01-09-2025 19:42,01-09-2025 19:54,10,free,clear,Passenger,5.0,16.0,100.0,1
TRN0393,STN079,01-09-2025 19:45,01-09-2025 20:01,24,free,clear,Passenger,5.0,16.0,100.0,1
TRN0394,STN029,01-09-2025 19:48,01-09-2025 20:00,10,free,clear,Passenger,5.0,16.0,100.0,1
TRN0395,STN077,01-09-2025 19:51,01-09-2025 20:07,24,free,clear,Passenger,5.0,16.0,100.0,1
TRN0396,STN017,01-09-2025 19:54,01-09-2025 20:06,10,occupied,clear,Passenger,5.0,16.0,100.0,1
TRN0397,STN057,01-09-2025 19:57,01-09-2025 20:13,24,free,clear,Passenger,5.0,16.0,100.0,1
TRN0398,STN056,01-09-2025 20:00,01-09-2025 20:12,10,free,clear,Passenger,5.0,16.0,100.0,1
TRN0399,STN096,01-09-2025 20:03,01-09-2025 20:19,24,free,clear,Passenger,5.0,16.0,100.0,1
TRN0400,STN096,01-09-2025 20:06,01-09-2025 20:18,10,free,clear,Passenger,5.0,16.0,100.0,1
TRN0401,STN005,01-09-2025 20:09,01-09-2025 20:25,24,free,clear,Superfast,5.0,18.0,130.0,1
TRN0402,STN096,01-09-2025 20:12,01-09-2025 20:24,10,occupied,clear,Express,2.0,22.0,120.0,1
TRN0403,STN101,01-09-2025 20:15,01-09-2025 20:27,10,free,clear,Passenger,2.0,16.0,130.0,1
TRN0404,STN001,01-09-2025 20:18,01-09-2025 20:34,24,free,clear,Passenger,1.0,22.0,100.0,1
TRN0405,STN071,01-09-2025 20:21,01-09-2025 20:33,10,free,clear,Superfast,5.0,16.0,120.0,1
TRN0406,STN071,01-09-2025 20:24,01-09-2025 20:36,10,free,clear,Passenger,5.0,16.0,110.0,1
TRN0407,STN071,01-09-2025 20:27,01-09-2025 20:43,24,occupied,clear,Superfast,2.0,22.0,100.0,1
TRN0408,STN071,01-09-2025 20:30,01-09-2025 20:44,21,free,clear,Express,5.0,18.0,120.0,1
TRN0409,STN052,01-09-2025 20:33,01-09-2025 20:45,10,free,clear,Passenger,1.0,16.0,100.0,1
TRN0410,STN074,01-09-2025 20:36,01-09-2025 20:48,10,free,clear,Superfast,1.0,16.0,100.0,1
TRN0411,STN037,01-09-2025 20:39,01-09-2025 20:55,24,free,clear,Passenger,5.0,16.0,110.0,1
TRN0412,STN034,01-09-2025 20:42,01-09-2025 20:54,10,free,clear,Superfast,5.0,16.0,140.0,1
TRN0413,STN081,01-09-2025 20:45,01-09-2025 21:01,24,free,clear,Passenger,1.0,20.0,160.0,1
TRN0414,STN082,01-09-2025 20:48,01-09-2025 21:00,10,occupied,clear,Express,5.0,16.0,100.0,1
TRN0415,STN041,01-09-2025 20:51,01-09-2025 21:07,24,free,clear,Passenger,3.0,16.0,130.0,1
TRN0416,STN041,01-09-2025 20:54,01-09-2025 21:06,10,free,clear,Superfast,5.0,16.0,140.0,1
TRN0417,STN029,01-09-2025 20:57,01-09-2025 21:13,24,free,clear,Express,4.0,16.0,120.0,1
TRN0418,STN077,01-09-2025 21:00,01-09-2025 21:12,10,free,clear,Superfast,4.0,16.0,100.0,1
TRN0419,STN034,01-09-2025 21:03,01-09-2025 21:19,24,free,clear,Passenger,4.0,22.0,140.0,1
TRN0420,STN084,01-09-2025 21:06,01-09-2025 21:18,10,free,clear,Passenger,2.0,20.0,110.0,1
TRN0421,STN041,01-09-2025 21:09,01-09-2025 21:25,24,free,clear,Express,5.0,22.0,130.0,1
TRN0422,STN017,01-09-2025 21:12,01-09-2025 21:24,10,occupied,clear,Passenger,5.0,16.0,100.0,1
TRN0423,STN029,01-09-2025 21:15,01-09-2025 21:31,24,free,clear,Express,1.0,16.0,130.0,1
TRN0424,STN077,01-09-2025 21:18,01-09-2025 21:30,10,free,clear,Express,1.0,16.0,100.0,1
TRN0425,STN071,01-09-2025 21:21,01-09-2025 21:37,24,free,clear,Superfast,2.0,22.0,140.0,1
TRN0426,STN071,01-09-2025 21:24,01-09-2025 21:36,10,free,clear,Express,5.0,18.0,110.0,1
TRN0427,STN001,01-09-2025 21:27,01-09-2025 21:43,24,free,clear,Passenger,5.0,16.0,100.0,1
TRN0428,STN050,01-09-2025 21:30,01-09-2025 21:42,10,occupied,clear,Superfast,2.0,22.0,100.0,1
TRN0429,STN017,01-09-2025 21:33,01-09-2025 21:49,24,free,clear,Express,3.0,22.0,120.0,1
TRN0430,STN082,01-09-2025 21:36,01-09-2025 21:48,10,free,clear,Passenger,1.0,16.0,100.0,1
TRN0431,STN029,01-09-2025 21:39,01-09-2025 21:55,24,free,clear,Superfast,2.0,16.0,130.0,1
TRN0432,STN029,01-09-2025 21:42,01-09-2025 21:54,10,free,clear,Express,2.0,22.0,130.0,1
TRN0433,STN030,01-09-2025 21:45,01-09-2025 22:01,24,free,clear,Superfast,1.0,16.0,100.0,1
TRN0434,TRN041,01-09-2025 21:48,01-09-2025 22:00,10,free,clear,Superfast,5.0,16.0,130.0,1
TRN0435,STN041,01-09-2025 21:51,01-09-2025 22:07,24,free,clear,Express,2.0,16.0,100.0,1
TRN0436,STN017,01-09-2025 21:54,01-09-2025 22:06,10,occupied,clear,Express,5.0,16.0,140.0,1
TRN0437,STN066,01-09-2025 21:57,01-09-2025 22:13,24,free,clear,Superfast,2.0,16.0,160.0,1
TRN0438,STN066,01-09-2025 22:00,01-09-2025 22:12,10,free,clear,Superfast,3.0,22.0,130.0,1
TRN0439,STN052,01-09-2025 22:03,01-09-2025 22:19,24,free,clear,Superfast,3.0,16.0,110.0,1
TRN0440,STN056,01-09-2025 22:06,01-09-2025 22:18,10,free,clear,Passenger,2.0,16.0,100.0,1
TRN0441,STN034,01-09-2025 22:09,01-09-2025 22:25,24,free,clear,Superfast,5.0,18.0,160.0,1
TRN0442,STN001,01-09-2025 22:12,01-09-2025 22:24,10,free,clear,Passenger,2.0,16.0,130.0,1
TRN0443,STN071,01-09-2025 22:15,01-09-2025 22:31,24,free,clear,Superfast,5.0,18.0,120.0,1
TRN0444,STN074,01-09-2025 22:18,01-09-2025 22:30,10,occupied,clear,Express,5.0,16.0,140.0,1
TRN0445,STN034,01-09-2025 22:21,01-09-2025 22:37,24,free,clear,Superfast,2.0,22.0,100.0,1
TRN0446,STN064,01-09-2025 22:24,01-09-2025 22:36,10,free,clear,Passenger,5.0,16.0,140.0,1
TRN0447,STN033,01-09-2025 22:27,01-09-2025 22:43,24,free,clear,Superfast,5.0,16.0,130.0,1
TRN0448,STN038,01-09-2025 22:30,01-09-2025 22:42,10,free,clear,Passenger,3.0,16.0,100.0,1
TRN0449,STN108,01-09-2025 22:33,01-09-2025 22:49,24,free,clear,Express,5.0,16.0,100.0,1
TRN0450,STN104,01-09-2025 22:36,01-09-2025 22:48,10,free,clear,Passenger,5.0,22.0,100.0,1
TRN0451,STN087,01-09-2025 22:39,01-09-2025 22:55,24,occupied,clear,Passenger,3.0,16.0,130.0,1
TRN0452,STN059,01-09-2025 22:42,01-09-2025 22:54,10,free,clear,Passenger,5.0,16.0,110.0,1
TRN0453,STN122,01-09-2025 22:45,01-09-2025 23:01,24,free,storm,Superfast,2.0,22.0,120.0,1
TRN0454,STN110,01-09-2025 22:48,01-09-2025 23:00,10,under_maintenance,rain,Express,3.0,22.0,160.0,1
TRN0455,STN041,01-09-2025 22:51,01-09-2025 23:07,24,free,clear,Passenger,4.0,16.0,100.0,1
TRN0456,STN070,01-09-2025 22:54,01-09-2025 23:06,10,occupied,clear,Superfast,5.0,16.0,130.0,1
TRN0457,STN033,01-09-2025 22:57,01-09-2025 23:13,24,free,clear,Superfast,5.0,16.0,130.0,1
TRN0458,STN084,01-09-2025 23:00,01-09-2025 23:12,10,free,rain,Passenger,5.0,16.0,100.0,1
TRN0459,STN116,01-09-2025 23:03,01-09-2025 23:19,24,free,clear,Passenger,1.0,16.0,100.0,1
TRN0460,STN061,01-09-2025 23:06,01-09-2025 23:18,10,occupied,clear,Express,4.0,20.0,130.0,1
TRN0461,STN025,01-09-2025 23:09,01-09-2025 23:25,24,free,clear,Superfast,2.0,16.0,110.0,1
TRN0462,STN124,01-09-2025 23:12,01-09-2025 23:24,10,free,clear,Passenger,2.0,16.0,100.0,1
TRN0463,STN041,01-09-2025 23:15,01-09-2025 23:31,24,occupied,rain,Express,1.0,18.0,140.0,1
TRN0464,STN082,01-09-2025 23:18,01-09-2025 23:30,10,free,clear,Passenger,5.0,16.0,140.0,1
TRN0465,STN034,01-09-2025 23:21,01-09-2025 23:37,24,free,fog,Superfast,1.0,18.0,140.0,1
TRN0466,STN109,01-09-2025 23:24,01-09-2025 23:36,10,free,clear,Superfast,5.0,16.0,140.0,1
TRN0467,STN052,01-09-2025 23:27,01-09-2025 23:43,24,occupied,clear,Passenger,2.0,22.0,110.0,1
TRN0468,STN094,01-09-2025 23:30,01-09-2025 23:42,10,free,clear,Passenger,5.0,16.0,160.0,1
TRN0469,STN073,01-09-2025 23:33,01-09-2025 23:49,24,free,clear,Passenger,5.0,16.0,100.0,1
TRN0470,STN020,01-09-2025 23:36,01-09-2025 23:48,10,free,rain,Passenger,5.0,22.0,130.0,1
TRN0471,STN083,01-09-2025 23:39,01-09-2025 23:55,24,occupied,clear,Superfast,2.0,20.0,130.0,1
TRN0472,STN060,01-09-2025 23:42,01-09-2025 23:54,10,free,clear,Passenger,1.0,22.0,100.0,1
TRN0473,STN029,01-09-2025 23:45,01-09-2025 23:57,10,free,clear,Express,2.0,22.0,140.0,1
TRN0474,STN067,01-09-2025 23:48,02-09-2025 00:04,24,free,clear,Superfast,5.0,22.0,120.0,1
TRN0475,STN001,01-09-2025 23:51,02-09-2025 00:07,24,under_maintenance,clear,Superfast,4.0,22.0,140.0,1
TRN0476,STN070,01-09-2025 23:54,02-09-2025 00:06,10,free,clear,Superfast,5.0,22.0,130.0,1
TRN0477,STN124,01-09-2025 23:57,02-09-2025 00:13,24,free,clear,Express,5.0,16.0,100.0,1
TRN0478,STN024,02-09-2025 00:00,02-09-2025 00:12,10,occupied,clear,Express,4.0,20.0,110.0,1
TRN0479,STN090,02-09-2025 00:03,02-09-2025 00:19,24,free,rain,Passenger,2.0,22.0,100.0,1
TRN0480,STN172,02-09-2025 00:06,02-09-2025 00:18,10,free,clear,Passenger,5.0,16.0,100.0,1
TRN0481,STN003,02-09-2025 00:09,02-09-2025 00:25,24,free,clear,Express,2.0,18.0,120.0,1
TRN0482,STN145,02-09-2025 00:12,02-09-2025 00:24,10,occupied,clear,Express,5.0,22.0,120.0,1
TRN0483,STN066,02-09-2025 00:15,02-09-2025 00:27,10,free,fog,Passenger,1.0,16.0,100.0,1
TRN0484,STN111,02-09-2025 00:18,02-09-2025 00:34,24,free,clear,Passenger,3.0,16.0,130.0,1
TRN0485,STN005,02-09-2025 00:21,02-09-2025 00:33,10,free,clear,Passenger,5.0,16.0,120.0,1
TRN0486,STN041,02-09-2025 00:24,02-09-2025 00:40,24,free,rain,Express,4.0,22.0,130.0,1
TRN0487,STN076,02-09-2025 00:27,02-09-2025 00:39,10,occupied,clear,Express,5.0,22.0,100.0,1
TRN0488,STN088,02-09-2025 00:30,02-09-2025 00:46,24,free,clear,Passenger,4.0,16.0,130.0,1
TRN0489,STN116,02-09-2025 00:33,02-09-2025 00:45,10,free,clear,Passenger,1.0,16.0,100.0,1
TRN0490,STN104,02-09-2025 00:36,02-09-2025 00:52,24,occupied,rain,Superfast,5.0,22.0,140.0,1
TRN0491,STN053,02-09-2025 00:39,02-09-2025 00:51,10,free,clear,Superfast,5.0,16.0,160.0,1
TRN0492,STN122,02-09-2025 00:42,02-09-2025 00:58,24,free,clear,Superfast,1.0,16.0,100.0,1
TRN0493,STN059,02-09-2025 00:45,02-09-2025 00:57,10,free,storm,Passenger,3.0,18.0,120.0,1
TRN0494,STN069,02-09-2025 00:48,02-09-2025 01:04,24,under_maintenance,clear,Passenger,2.0,16.0,100.0,1
TRN0495,STN084,02-09-2025 00:51,02-09-2025 01:03,10,free,clear,Superfast,3.0,16.0,100.0,1
TRN0496,STN110,02-09-2025 00:54,02-09-2025 01:10,24,occupied,clear,Superfast,2.0,22.0,160.0,1
TRN0497,STN104,02-09-2025 00:57,02-09-2025 01:09,10,free,clear,Superfast,1.0,22.0,100.0,1
TRN0498,STN125,02-09-2025 01:00,02-09-2025 01:16,24,free,clear,Superfast,4.0,16.0,100.0,1
TRN0499,STN089,02-09-2025 01:03,02-09-2025 01:15,10,free,rain,Passenger,4.0,22.0,160.0,1
TRN0500,STN051,02-09-2025 01:06,02-09-2025 01:22,24,free,clear,Passenger,1.0,16.0,120.0,1
TRN1000,STN108,01-09-2025 00:00,01-09-2025 00:02,0,occupied,clear ,Superfast,4.0,18.0,140.0,0
TRN1001,STN031,01-09-2025 00:05,01-09-2025 00:07,0,under_maintenance,clear ,Superfast,2.0,22.0,100.0,0
TRN1002,STN006,01-09-2025 00:10,01-09-2025 00:12,0,occupied,storm,Passenger,3.0,16.0,100.0,0
TRN1003,STN025,01-09-2025 00:15,01-09-2025 00:17,0,under_maintenance,storm,Express,4.0,22.0,100.0,0
TRN1004,STN035,01-09-2025 00:20,01-09-2025 00:22,0,free,rain,Express,3.0,22.0,110.0,0
TRN1005,STN039,01-09-2025 00:25,01-09-2025 00:27,0,occupied,clear ,Superfast,4.0,18.0,110.0,0
TRN1006,STN124,01-09-2025 00:30,01-09-2025 00:32,0,free,clear,Express,1.0,20.0,160.0,0
TRN1007,STN025,01-09-2025 00:35,01-09-2025 00:37,0,free,storm,Express,2.0,18.0,140.0,0
TRN1008,STN051,01-09-2025 00:40,01-09-2025 00:42,0,under_maintenance,fog,Express,3.0,18.0,110.0,0
TRN1009,STN032,01-09-2025 00:45,01-09-2025 00:47,0,under_maintenance,clear ,Passenger,4.0,16.0,100.0,0
TRN1010,STN016,01-09-2025 00:50,01-09-2025 00:52,0,occupied,clear,Superfast,2.0,18.0,100.0,0
TRN1011,STN145,01-09-2025 00:55,01-09-2025 00:57,0,under_maintenance,clear,Superfast,2.0,20.0,130.0,0
TRN1012,STN008,01-09-2025 01:00,01-09-2025 01:02,0,free,storm,Express,2.0,18.0,160.0,0
TRN1013,STN053,01-09-2025 01:05,01-09-2025 01:07,0,under_maintenance,rain,Passenger,3.0,18.0,100.0,0
TRN1014,STN086,01-09-2025 01:10,01-09-2025 01:12,0,free,rain,Express,5.0,20.0,130.0,0
TRN1015,STN095,01-09-2025 01:15,01-09-2025 01:17,0,occupied,clear ,Superfast,2.0,18.0,100.0,0
TRN1016,STN122,01-09-2025 01:20,01-09-2025 01:22,0,occupied,clear ,Express,4.0,22.0,120.0,0
TRN1017,STN073,01-09-2025 01:25,01-09-2025 01:27,0,under_maintenance,clear,Express,2.0,18.0,100.0,0
TRN1018,STN066,01-09-2025 01:30,01-09-2025 01:32,0,occupied,fog,Superfast,2.0,18.0,130.0,0
TRN1019,STN082,01-09-2025 01:35,01-09-2025 01:37,0,free,clear,Superfast,4.0,20.0,120.0,0
TRN1020,STN039,01-09-2025 01:40,01-09-2025 01:42,0,free,clear ,Express,5.0,20.0,100.0,0
TRN1021,STN068,01-09-2025 01:45,01-09-2025 01:47,0,free,clear,Superfast,5.0,18.0,110.0,0
TRN1022,STN113,01-09-2025 01:50,01-09-2025 01:52,0,under_maintenance,storm,Superfast,1.0,18.0,130.0,0
TRN1023,STN025,01-09-2025 01:55,01-09-2025 01:57,0,free,clear,Superfast,4.0,20.0,100.0,0
TRN1024,STN048,01-09-2025 02:00,01-09-2025 02:02,0,under_maintenance,clear ,Superfast,1.0,16.0,120.0,0
TRN1025,STN017,01-09-2025 02:05,01-09-2025 02:07,0,free,fog,Superfast,4.0,18.0,100.0,0
TRN1026,STN044,01-09-2025 02:10,01-09-2025 02:12,0,under_maintenance,storm,Superfast,3.0,16.0,100.0,0
TRN1027,STN056,01-09-2025 02:15,01-09-2025 02:17,0,under_maintenance,storm,Express,5.0,20.0,140.0,0
TRN1028,STN107,01-09-2025 02:20,01-09-2025 02:22,0,free,clear ,Express,2.0,16.0,100.0,0
TRN1029,STN023,01-09-2025 02:25,01-09-2025 02:27,0,free,fog,Passenger,4.0,22.0,130.0,0
TRN1030,STN064,01-09-2025 02:30,01-09-2025 02:32,0,under_maintenance,fog,Express,1.0,20.0,120.0,0
TRN1031,TRN041,01-09-2025 02:35,01-09-2025 02:37,0,under_maintenance,clear ,Express,2.0,20.0,130.0,0
TRN1032,STN013,01-09-2025 02:40,01-09-2025 02:42,0,under_maintenance,rain,Passenger,2.0,18.0,140.0,0
TRN1033,STN124,01-09-2025 02:45,01-09-2025 02:47,0,occupied,clear,Passenger,2.0,16.0,160.0,0
TRN1034,STN111,01-09-2025 02:50,01-09-2025 02:52,0,occupied,rain,Superfast,1.0,20.0,140.0,0
TRN1035,STN093,01-09-2025 02:55,01-09-2025 02:57,0,free,fog,Passenger,1.0,18.0,140.0,0
TRN1036,STN113,01-09-2025 03:00,01-09-2025 03:02,0,free,fog,Superfast,5.0,20.0,160.0,0
TRN1037,STN109,01-09-2025 03:05,01-09-2025 03:07,0,occupied,clear,Passenger,1.0,16.0,140.0,0
TRN1038,STN025,01-09-2025 03:10,01-09-2025 03:12,0,free,clear,Superfast,2.0,22.0,140.0,0
TRN1039,STN076,01-09-2025 03:15,01-09-2025 03:17,0,free,storm,Superfast,4.0,18.0,130.0,0
TRN1040,STN034,01-09-2025 03:20,01-09-2025 03:22,0,occupied,clear,Superfast,4.0,18.0,120.0,0
TRN1041,STN040,01-09-2025 03:25,01-09-2025 03:27,0,free,rain,Passenger,3.0,22.0,140.0,0
TRN1042,STN096,01-09-2025 03:30,01-09-2025 03:32,0,occupied,clear,Passenger,1.0,22.0,140.0,0
TRN1043,STN030,01-09-2025 03:35,01-09-2025 03:37,0,under_maintenance,rain,Express,1.0,22.0,130.0,0
TRN1044,STN074,01-09-2025 03:40,01-09-2025 03:42,0,free,rain,Express,2.0,20.0,140.0,0
TRN1045,STN114,01-09-2025 03:45,01-09-2025 03:47,0,under_maintenance,fog,Superfast,5.0,18.0,100.0,0
TRN1046,STN025,01-09-2025 03:50,01-09-2025 03:52,0,under_maintenance,fog,Superfast,2.0,16.0,100.0,0
TRN1047,STN054,01-09-2025 03:55,01-09-2025 03:57,0,free,clear,Superfast,3.0,22.0,120.0,0
TRN1048,STN019,01-09-2025 04:00,01-09-2025 04:02,0,under_maintenance,clear,Express,2.0,22.0,130.0,0
TRN1049,STN171,01-09-2025 04:05,01-09-2025 04:07,0,occupied,clear,Express,2.0,18.0,120.0,0
TRN1050,STN070,01-09-2025 04:10,01-09-2025 04:12,0,free,clear,Passenger,2.0,18.0,100.0,0
TRN1051,STN001,01-09-2025 04:15,01-09-2025 04:17,0,free,rain,Express,2.0,18.0,100.0,0
TRN1052,STN100,01-09-2025 04:20,01-09-2025 04:22,0,free,fog,Passenger,2.0,22.0,160.0,0
TRN1053,STN003,01-09-2025 04:25,01-09-2025 04:27,0,occupied,clear,Express,2.0,22.0,110.0,0
TRN1054,STN012,01-09-2025 04:30,01-09-2025 04:32,0,free,rain,Passenger,5.0,18.0,110.0,0
TRN1055,STN022,01-09-2025 04:35,01-09-2025 04:37,0,occupied,fog,Passenger,2.0,20.0,140.0,0
TRN1056,STN064,01-09-2025 04:40,01-09-2025 04:42,0,under_maintenance,clear,Superfast,2.0,20.0,140.0,0
TRN1057,STN100,01-09-2025 04:45,01-09-2025 04:47,0,free,fog,Passenger,2.0,16.0,100.0,0
TRN1058,STN095,01-09-2025 04:50,01-09-2025 04:52,0,under_maintenance,rain,Express,3.0,22.0,160.0,0
TRN1059,STN001,01-09-2025 04:55,01-09-2025 04:57,0,free,storm,Express,4.0,18.0,110.0,0
TRN1060,STN071,01-09-2025 05:00,01-09-2025 05:02,0,under_maintenance,storm,Passenger,5.0,22.0,110.0,0
TRN1061,STN050,01-09-2025 05:05,01-09-2025 05:07,0,under_maintenance,clear,Express,3.0,22.0,110.0,0
TRN1062,STN048,01-09-2025 05:10,01-09-2025 05:12,0,under_maintenance,fog,Superfast,2.0,16.0,120.0,0
TRN1063,STN029,01-09-2025 05:15,01-09-2025 05:17,0,free,clear,Express,5.0,18.0,120.0,0
TRN1064,STN025,01-09-2025 05:20,01-09-2025 05:22,0,occupied,storm,Superfast,4.0,16.0,120.0,0
TRN1065,STN124,01-09-2025 05:25,01-09-2025 05:27,0,occupied,clear ,Superfast,2.0,20.0,130.0,0
TRN1066,STN008,01-09-2025 05:30,01-09-2025 05:32,0,free,rain,Express,3.0,22.0,130.0,0
TRN1067,STN106,01-09-2025 05:35,01-09-2025 05:37,0,free,rain,Superfast,3.0,22.0,100.0,0
TRN1068,STN113,01-09-2025 05:40,01-09-2025 05:42,0,free,fog,Passenger,5.0,18.0,120.0,0
TRN1069,STN003,01-09-2025 05:45,01-09-2025 05:47,0,occupied,clear ,Express,1.0,16.0,100.0,0
TRN1070,STN045,01-09-2025 05:50,01-09-2025 05:52,0,occupied,fog,Express,5.0,18.0,140.0,0
TRN1071,STN004,01-09-2025 05:55,01-09-2025 05:57,0,free,storm,Superfast,2.0,18.0,110.0,0
TRN1072,STN056,01-09-2025 06:00,01-09-2025 06:02,0,occupied,storm,Superfast,4.0,16.0,100.0,0
TRN1073,STN103,01-09-2025 06:05,01-09-2025 06:07,0,free,clear,Passenger,5.0,22.0,130.0,0
TRN1074,STN049,01-09-2025 06:10,01-09-2025 06:12,0,occupied,fog,Passenger,1.0,18.0,110.0,0
TRN1075,STN074,01-09-2025 06:15,01-09-2025 06:17,0,occupied,fog,Superfast,5.0,18.0,120.0,0
TRN1076,STN090,01-09-2025 06:20,01-09-2025 06:22,0,occupied,clear,Superfast,2.0,22.0,100.0,0
TRN1077,STN052,01-09-2025 06:25,01-09-2025 06:27,0,free,clear ,Passenger,1.0,22.0,120.0,0
TRN1078,STN007,01-09-2025 06:30,01-09-2025 06:32,0,free,fog,Superfast,2.0,16.0,100.0,0
TRN1079,STN109,01-09-2025 06:35,01-09-2025 06:37,0,free,fog,Passenger,3.0,18.0,130.0,0
TRN1080,STN001,01-09-2025 06:40,01-09-2025 06:42,0,under_maintenance,fog,Express,4.0,16.0,140.0,0
TRN1081,STN003,01-09-2025 06:45,01-09-2025 06:47,0,occupied,fog,Superfast,4.0,18.0,110.0,0
TRN1082,STN118,01-09-2025 06:50,01-09-2025 06:52,0,occupied,clear,Passenger,4.0,20.0,140.0,0
TRN1083,STN089,01-09-2025 06:55,01-09-2025 06:57,0,under_maintenance,storm,Superfast,1.0,16.0,140.0,0
TRN1084,STN095,01-09-2025 07:00,01-09-2025 07:02,0,free,rain,Superfast,4.0,22.0,100.0,0
TRN1085,STN041,01-09-2025 07:05,01-09-2025 07:07,0,under_maintenance,storm,Passenger,1.0,22.0,160.0,0
TRN1086,STN012,01-09-2025 07:10,01-09-2025 07:12,0,occupied,clear ,Express,3.0,16.0,100.0,0
TRN1087,STN055,01-09-2025 07:15,01-09-2025 07:17,0,free,rain,Express,4.0,16.0,130.0,0
TRN1088,STN105,01-09-2025 07:20,01-09-2025 07:22,0,occupied,storm,Passenger,3.0,16.0,110.0,0
TRN1089,STN065,01-09-2025 07:25,01-09-2025 07:27,0,occupied,clear,Superfast,4.0,18.0,160.0,0
TRN1090,STN011,01-09-2025 07:30,01-09-2025 07:32,0,occupied,storm,Express,2.0,22.0,110.0,0
TRN1091,STN049,01-09-2025 07:35,01-09-2025 07:37,0,occupied,rain,Passenger,4.0,18.0,130.0,0
TRN1092,STN023,01-09-2025 07:40,01-09-2025 07:42,0,occupied,rain,Passenger,4.0,18.0,160.0,0
TRN1093,STN020,01-09-2025 07:45,01-09-2025 07:47,0,occupied,clear,Superfast,1.0,16.0,160.0,0
TRN1094,STN022,01-09-2025 07:50,01-09-2025 07:52,0,under_maintenance,clear,Passenger,4.0,18.0,110.0,0
TRN1095,STN064,01-09-2025 07:55,01-09-2025 07:57,0,under_maintenance,clear,Passenger,5.0,20.0,120.0,0
TRN1096,STN033,01-09-2025 08:00,01-09-2025 08:02,0,occupied,storm,Express,2.0,20.0,100.0,0
TRN1097,STN067,01-09-2025 08:05,01-09-2025 08:07,0,occupied,rain,Superfast,3.0,20.0,110.0,0
TRN1098,STN022,01-09-2025 08:10,01-09-2025 08:12,0,free,clear,Express,2.0,22.0,130.0,0
TRN1099,STN120,01-09-2025 08:15,01-09-2025 08:17,0,under_maintenance,clear,Superfast,3.0,18.0,120.0,0
TRN1100,STN076,01-09-2025 08:20,01-09-2025 08:22,0,occupied,fog,Superfast,4.0,22.0,120.0,0
TRN1101,STN055,01-09-2025 08:25,01-09-2025 08:27,0,under_maintenance,fog,Superfast,1.0,18.0,120.0,0
TRN1102,STN110,01-09-2025 08:30,01-09-2025 08:32,0,under_maintenance,rain,Passenger,2.0,22.0,120.0,0
TRN1103,STN067,01-09-2025 08:35,01-09-2025 08:37,0,occupied,fog,Passenger,2.0,22.0,120.0,0
TRN1104,STN125,01-09-2025 08:40,01-09-2025 08:42,0,occupied,rain,Passenger,1.0,18.0,110.0,0
TRN1105,STN025,01-09-2025 08:45,01-09-2025 08:47,0,under_maintenance,clear,Express,1.0,20.0,100.0,0
TRN1106,STN096,01-09-2025 08:50,01-09-2025 08:52,0,occupied,clear ,Superfast,1.0,16.0,130.0,0
TRN1107,STN039,01-09-2025 08:55,01-09-2025 08:57,0,under_maintenance,clear ,Passenger,1.0,20.0,140.0,0
TRN1108,STN029,01-09-2025 09:00,01-09-2025 09:02,0,free,clear,Passenger,1.0,18.0,140.0,0
TRN1109,STN004,01-09-2025 09:05,01-09-2025 09:07,0,occupied,fog,Superfast,1.0,18.0,120.0,0
TRN1110,STN038,01-09-2025 09:10,01-09-2025 09:12,0,occupied,storm,Passenger,4.0,18.0,160.0,0
TRN1111,STN073,01-09-2025 09:15,01-09-2025 09:17,0,occupied,fog,Superfast,4.0,20.0,130.0,0
TRN1112,STN115,01-09-2025 09:20,01-09-2025 09:22,0,occupied,rain,Passenger,2.0,16.0,120.0,0
TRN1113,STN063,01-09-2025 09:25,01-09-2025 09:27,0,free,clear ,Passenger,5.0,16.0,140.0,0
TRN1114,STN062,01-09-2025 09:30,01-09-2025 09:32,0,occupied,rain,Express,1.0,16.0,140.0,0
TRN1115,STN023,01-09-2025 09:35,01-09-2025 09:37,0,free,clear,Express,3.0,18.0,110.0,0
TRN1116,STN073,01-09-2025 09:40,01-09-2025 09:42,0,under_maintenance,fog,Express,1.0,20.0,100.0,0
TRN1117,STN060,01-09-2025 09:45,01-09-2025 09:47,0,free,clear,Superfast,2.0,18.0,140.0,0
TRN1118,STN048,01-09-2025 09:50,01-09-2025 09:52,0,under_maintenance,clear ,Superfast,1.0,22.0,100.0,0
TRN1119,STN060,01-09-2025 09:55,01-09-2025 09:57,0,occupied,fog,Passenger,5.0,18.0,160.0,0
TRN1120,STN054,01-09-2025 10:00,01-09-2025 10:02,0,occupied,rain,Passenger,5.0,16.0,160.0,0
TRN1121,STN081,01-09-2025 10:05,01-09-2025 10:07,0,free,rain,Superfast,3.0,18.0,110.0,0
TRN1122,STN004,01-09-2025 10:10,01-09-2025 10:12,0,under_maintenance,fog,Superfast,2.0,22.0,100.0,0
TRN1123,STN051,01-09-2025 10:15,01-09-2025 10:17,0,free,clear,Passenger,5.0,20.0,110.0,0
TRN1124,STN062,01-09-2025 10:20,01-09-2025 10:22,0,under_maintenance,clear,Superfast,2.0,22.0,160.0,0
TRN1125,STN074,01-09-2025 10:25,01-09-2025 10:27,0,free,clear ,Passenger,2.0,22.0,100.0,0
TRN1126,STN014,01-09-2025 10:30,01-09-2025 10:32,0,under_maintenance,rain,Superfast,4.0,18.0,120.0,0
TRN1127,STN097,01-09-2025 10:35,01-09-2025 10:37,0,free,rain,Superfast,2.0,20.0,160.0,0
TRN1128,STN111,01-09-2025 10:40,01-09-2025 10:42,0,free,clear,Passenger,2.0,22.0,120.0,0
TRN1129,STN065,01-09-2025 10:45,01-09-2025 10:47,0,free,clear ,Express,1.0,22.0,130.0,0
TRN1130,STN038,01-09-2025 10:50,01-09-2025 10:52,0,free,clear,Passenger,4.0,18.0,160.0,0
TRN1131,STN053,01-09-2025 10:55,01-09-2025 10:57,0,under_maintenance,clear,Express,5.0,16.0,140.0,0
TRN1132,STN077,01-09-2025 11:00,01-09-2025 11:02,0,free,fog,Express,3.0,16.0,140.0,0
TRN1133,STN013,01-09-2025 11:05,01-09-2025 11:07,0,occupied,clear ,Superfast,3.0,16.0,110.0,0
TRN1134,STN008,01-09-2025 11:10,01-09-2025 11:12,0,occupied,rain,Passenger,5.0,22.0,110.0,0
TRN1135,STN171,01-09-2025 11:15,01-09-2025 11:17,0,occupied,fog,Passenger,1.0,16.0,130.0,0
TRN1136,STN038,01-09-2025 11:20,01-09-2025 11:22,0,free,clear,Express,3.0,22.0,140.0,0
TRN1137,STN084,01-09-2025 11:25,01-09-2025 11:27,0,occupied,clear ,Passenger,2.0,22.0,100.0,0
TRN1138,STN032,01-09-2025 11:30,01-09-2025 11:32,0,occupied,fog,Passenger,3.0,16.0,110.0,0
TRN1139,STN096,01-09-2025 11:35,01-09-2025 11:37,0,occupied,storm,Passenger,3.0,20.0,160.0,0
TRN1140,STN061,01-09-2025 11:40,01-09-2025 11:42,0,occupied,storm,Express,1.0,22.0,140.0,0
TRN1141,STN111,01-09-2025 11:45,01-09-2025 11:47,0,free,fog,Passenger,3.0,20.0,110.0,0
TRN1142,STN088,01-09-2025 11:50,01-09-2025 11:52,0,occupied,fog,Superfast,3.0,16.0,120.0,0
TRN1143,STN034,01-09-2025 11:55,01-09-2025 11:57,0,under_maintenance,clear,Superfast,3.0,20.0,160.0,0
TRN1144,STN036,01-09-2025 12:00,01-09-2025 12:02,0,under_maintenance,fog,Express,1.0,18.0,110.0,0
TRN1145,STN050,01-09-2025 12:05,01-09-2025 12:07,0,under_maintenance,storm,Passenger,3.0,20.0,140.0,0
TRN1146,STN064,01-09-2025 12:10,01-09-2025 12:12,0,free,clear ,Express,1.0,20.0,140.0,0
TRN1147,STN002,01-09-2025 12:15,01-09-2025 12:17,0,free,clear,Superfast,3.0,16.0,160.0,0
TRN1148,STN060,01-09-2025 12:20,01-09-2025 12:22,0,free,rain,Express,4.0,16.0,160.0,0
TRN1149,STN049,01-09-2025 12:25,01-09-2025 12:27,0,under_maintenance,clear ,Express,5.0,16.0,140.0,0
TRN1150,STN064,01-09-2025 12:30,01-09-2025 12:32,0,free,clear,Passenger,1.0,20.0,120.0,0
TRN1151,STN114,01-09-2025 12:35,01-09-2025 12:37,0,occupied,fog,Passenger,4.0,22.0,160.0,0
TRN1152,STN036,01-09-2025 12:40,01-09-2025 12:42,0,occupied,clear,Express,3.0,22.0,120.0,0
TRN1153,STN048,01-09-2025 12:45,01-09-2025 12:47,0,under_maintenance,rain,Express,4.0,20.0,100.0,0
TRN1154,STN091,01-09-2025 12:50,01-09-2025 12:52,0,occupied,fog,Superfast,4.0,22.0,140.0,0
TRN1155,STN060,01-09-2025 12:55,01-09-2025 12:57,0,occupied,rain,Passenger,3.0,18.0,140.0,0
TRN1156,STN111,01-09-2025 13:00,01-09-2025 13:02,0,under_maintenance,clear ,Superfast,3.0,22.0,140.0,0
TRN1157,STN055,01-09-2025 13:05,01-09-2025 13:07,0,under_maintenance,storm,Express,5.0,16.0,140.0,0
TRN1158,STN009,01-09-2025 13:10,01-09-2025 13:12,0,occupied,clear ,Passenger,3.0,22.0,100.0,0
TRN1159,STN071,01-09-2025 13:15,01-09-2025 13:17,0,under_maintenance,fog,Express,5.0,18.0,160.0,0
TRN1160,STN080,01-09-2025 13:20,01-09-2025 13:22,0,occupied,clear ,Superfast,5.0,18.0,120.0,0
TRN1161,STN125,01-09-2025 13:25,01-09-2025 13:27,0,free,clear,Superfast,5.0,16.0,100.0,0
TRN1162,STN026,01-09-2025 13:30,01-09-2025 13:32,0,under_maintenance,clear ,Passenger,3.0,20.0,130.0,0
TRN1163,STN001,01-09-2025 13:35,01-09-2025 13:37,0,under_maintenance,clear ,Express,1.0,18.0,110.0,0
TRN1164,STN037,01-09-2025 13:40,01-09-2025 13:42,0,occupied,fog,Passenger,2.0,16.0,130.0,0
TRN1165,STN115,01-09-2025 13:45,01-09-2025 13:47,0,free,storm,Passenger,1.0,16.0,120.0,0
TRN1166,STN107,01-09-2025 13:50,01-09-2025 13:52,0,under_maintenance,fog,Superfast,2.0,18.0,160.0,0
TRN1167,STN001,01-09-2025 13:55,01-09-2025 13:57,0,free,clear ,Superfast,3.0,20.0,110.0,0
TRN1168,STN050,01-09-2025 14:00,01-09-2025 14:02,0,under_maintenance,fog,Express,3.0,22.0,110.0,0
TRN1169,STN159,01-09-2025 14:05,01-09-2025 14:07,0,occupied,rain,Passenger,3.0,16.0,130.0,0
TRN1170,STN063,01-09-2025 14:10,01-09-2025 14:12,0,free,rain,Express,5.0,22.0,130.0,0
TRN1171,STN014,01-09-2025 14:15,01-09-2025 14:17,0,occupied,clear ,Express,2.0,16.0,130.0,0
TRN1172,STN001,01-09-2025 14:20,01-09-2025 14:22,0,occupied,clear ,Express,4.0,18.0,130.0,0
TRN1173,STN047,01-09-2025 14:25,01-09-2025 14:27,0,under_maintenance,clear,Express,5.0,22.0,130.0,0
TRN1174,STN025,01-09-2025 14:30,01-09-2025 14:32,0,under_maintenance,fog,Passenger,4.0,22.0,130.0,0
TRN1175,STN102,01-09-2025 14:35,01-09-2025 14:37,0,under_maintenance,clear ,Passenger,4.0,22.0,140.0,0
TRN1176,STN033,01-09-2025 14:40,01-09-2025 14:42,0,occupied,clear,Superfast,4.0,22.0,100.0,0
TRN1177,STN052,01-09-2025 14:45,01-09-2025 14:47,0,occupied,fog,Express,4.0,18.0,110.0,0
TRN1178,STN046,01-09-2025 14:50,01-09-2025 14:52,0,occupied,clear ,Passenger,2.0,20.0,130.0,0
TRN1179,STN159,01-09-2025 14:55,01-09-2025 14:57,0,occupied,rain,Superfast,4.0,18.0,120.0,0
TRN1180,STN097,01-09-2025 15:00,01-09-2025 15:02,0,free,rain,Express,5.0,16.0,140.0,0
TRN1181,STN159,01-09-2025 15:05,01-09-2025 15:07,0,occupied,fog,Superfast,3.0,16.0,160.0,0
TRN1182,STN076,01-09-2025 15:10,01-09-2025 15:12,0,free,clear ,Passenger,2.0,16.0,100.0,0
TRN1183,STN028,01-09-2025 15:15,01-09-2025 15:17,0,under_maintenance,clear,Express,4.0,22.0,120.0,0
TRN1184,STN119,01-09-2025 15:20,01-09-2025 15:22,0,occupied,fog,Express,2.0,16.0,120.0,0
TRN1185,STN064,01-09-2025 15:25,01-09-2025 15:27,0,occupied,clear ,Superfast,4.0,20.0,120.0,0
TRN1186,STN077,01-09-2025 15:30,01-09-2025 15:32,0,under_maintenance,clear,Superfast,5.0,16.0,140.0,0
TRN1187,STN003,01-09-2025 15:35,01-09-2025 15:37,0,occupied,clear,Passenger,3.0,22.0,120.0,0
TRN1188,STN019,01-09-2025 15:40,01-09-2025 15:42,0,under_maintenance,clear,Passenger,1.0,18.0,110.0,0
TRN1189,STN061,01-09-2025 15:45,01-09-2025 15:47,0,free,fog,Passenger,4.0,22.0,100.0,0
TRN1190,STN061,01-09-2025 15:50,01-09-2025 15:52,0,free,clear,Passenger,5.0,22.0,110.0,0
TRN1191,STN081,01-09-2025 15:55,01-09-2025 15:57,0,free,rain,Passenger,2.0,20.0,130.0,0
TRN1192,STN064,01-09-2025 16:00,01-09-2025 16:02,0,occupied,clear,Express,1.0,18.0,110.0,0
TRN1193,STN098,01-09-2025 16:05,01-09-2025 16:07,0,under_maintenance,fog,Passenger,4.0,20.0,100.0,0
TRN1194,STN077,01-09-2025 16:10,01-09-2025 16:12,0,occupied,fog,Express,5.0,16.0,160.0,0
TRN1195,STN056,01-09-2025 16:15,01-09-2025 16:17,0,occupied,storm,Express,4.0,16.0,140.0,0
TRN1196,STN009,01-09-2025 16:20,01-09-2025 16:22,0,under_maintenance,clear,Superfast,1.0,16.0,140.0,0
TRN1197,STN076,01-09-2025 16:25,01-09-2025 16:27,0,occupied,rain,Passenger,2.0,20.0,140.0,0
TRN1198,STN066,01-09-2025 16:30,01-09-2025 16:32,0,occupied,rain,Superfast,1.0,18.0,160.0,0
TRN1199,STN056,01-09-2025 16:35,01-09-2025 16:37,0,occupied,fog,Express,4.0,18.0,100.0,0
